-- MySQL dump 10.13  Distrib 5.1.73, for redhat-linux-gnu (x86_64)
--
-- Host: localhost    Database: crawler
-- ------------------------------------------------------
-- Server version	5.1.73

/*!40101 SET @OLD_CHARACTER_SET_CLIENT=@@CHARACTER_SET_CLIENT */;
/*!40101 SET @OLD_CHARACTER_SET_RESULTS=@@CHARACTER_SET_RESULTS */;
/*!40101 SET @OLD_COLLATION_CONNECTION=@@COLLATION_CONNECTION */;
/*!40101 SET NAMES utf8 */;
/*!40103 SET @OLD_TIME_ZONE=@@TIME_ZONE */;
/*!40103 SET TIME_ZONE='+00:00' */;
/*!40014 SET @OLD_UNIQUE_CHECKS=@@UNIQUE_CHECKS, UNIQUE_CHECKS=0 */;
/*!40014 SET @OLD_FOREIGN_KEY_CHECKS=@@FOREIGN_KEY_CHECKS, FOREIGN_KEY_CHECKS=0 */;
/*!40101 SET @OLD_SQL_MODE=@@SQL_MODE, SQL_MODE='NO_AUTO_VALUE_ON_ZERO' */;
/*!40111 SET @OLD_SQL_NOTES=@@SQL_NOTES, SQL_NOTES=0 */;

--
-- Table structure for table `appraise_group`
--

DROP TABLE IF EXISTS `appraise_group`;
/*!40101 SET @saved_cs_client     = @@character_set_client */;
/*!40101 SET character_set_client = utf8 */;
CREATE TABLE `appraise_group` (
  `id` int(11) NOT NULL AUTO_INCREMENT,
  `commodity_id` int(11) NOT NULL,
  `content` char(100) DEFAULT NULL,
  `position` tinyint(1) DEFAULT NULL,
  PRIMARY KEY (`id`)
) ENGINE=MyISAM DEFAULT CHARSET=latin1;
/*!40101 SET character_set_client = @saved_cs_client */;

--
-- Dumping data for table `appraise_group`
--

LOCK TABLES `appraise_group` WRITE;
/*!40000 ALTER TABLE `appraise_group` DISABLE KEYS */;
/*!40000 ALTER TABLE `appraise_group` ENABLE KEYS */;
UNLOCK TABLES;

--
-- Table structure for table `branch`
--

DROP TABLE IF EXISTS `branch`;
/*!40101 SET @saved_cs_client     = @@character_set_client */;
/*!40101 SET character_set_client = utf8 */;
CREATE TABLE `branch` (
  `id` int(11) NOT NULL AUTO_INCREMENT,
  `name` char(50) DEFAULT NULL,
  `logo` char(200) DEFAULT NULL,
  `parent_id` int(11) DEFAULT NULL,
  PRIMARY KEY (`id`)
) ENGINE=MyISAM DEFAULT CHARSET=latin1;
/*!40101 SET character_set_client = @saved_cs_client */;

--
-- Dumping data for table `branch`
--

LOCK TABLES `branch` WRITE;
/*!40000 ALTER TABLE `branch` DISABLE KEYS */;
/*!40000 ALTER TABLE `branch` ENABLE KEYS */;
UNLOCK TABLES;

--
-- Table structure for table `commodity`
--

DROP TABLE IF EXISTS `commodity`;
/*!40101 SET @saved_cs_client     = @@character_set_client */;
/*!40101 SET character_set_client = utf8 */;
CREATE TABLE `commodity` (
  `id` bigint(20) NOT NULL AUTO_INCREMENT,
  `name` char(100) NOT NULL,
  `url` varchar(300) NOT NULL,
  `price` double DEFAULT NULL,
  `low_price` double DEFAULT NULL,
  `original_price` double DEFAULT NULL,
  `branch_id` int(11) DEFAULT NULL,
  `category_id` int(11) DEFAULT NULL,
  `on_shelf_time` datetime DEFAULT NULL,
  `active` tinyint(1) DEFAULT '1',
  `buy_url` varchar(300) DEFAULT NULL,
  `serial_number` char(50) DEFAULT NULL,
  `show_id` char(50) DEFAULT NULL,
  `parameters` varchar(5000) DEFAULT NULL,
  PRIMARY KEY (`id`)
) ENGINE=InnoDB AUTO_INCREMENT=3 DEFAULT CHARSET=utf8;
/*!40101 SET character_set_client = @saved_cs_client */;

--
-- Dumping data for table `commodity`
--

LOCK TABLES `commodity` WRITE;
/*!40000 ALTER TABLE `commodity` DISABLE KEYS */;
INSERT INTO `commodity` VALUES (1,'马克珍妮2014秋装宝宝迷彩夹克','http://s.etao.com/detail/40780735321.html',168.85,NULL,NULL,NULL,NULL,NULL,1,NULL,NULL,NULL,NULL),(2,'华为（Huawei）华为荣耀3C手机 四核5寸大屏800万像素安卓智能手机','http://s.etao.com/detail/5062049556999999218.html',673.2,NULL,NULL,NULL,NULL,NULL,0,NULL,NULL,NULL,NULL);
/*!40000 ALTER TABLE `commodity` ENABLE KEYS */;
UNLOCK TABLES;

--
-- Table structure for table `commodity_picture`
--

DROP TABLE IF EXISTS `commodity_picture`;
/*!40101 SET @saved_cs_client     = @@character_set_client */;
/*!40101 SET character_set_client = utf8 */;
CREATE TABLE `commodity_picture` (
  `id` bigint(20) NOT NULL AUTO_INCREMENT,
  `commodity_id` bigint(20) NOT NULL,
  `url` varchar(500) NOT NULL,
  `detail` tinyint(1) DEFAULT '0',
  PRIMARY KEY (`id`)
) ENGINE=InnoDB AUTO_INCREMENT=7 DEFAULT CHARSET=utf8;
/*!40101 SET character_set_client = @saved_cs_client */;

--
-- Dumping data for table `commodity_picture`
--

LOCK TABLES `commodity_picture` WRITE;
/*!40000 ALTER TABLE `commodity_picture` DISABLE KEYS */;
INSERT INTO `commodity_picture` VALUES (1,1,'/var/ftp/img04.taobaocdn.com/bao/uploaded/i1/TB1aUBgGXXXXXX7XVXXXXXXXXXX_!!0-item_pic.jpg',0),(2,1,'/var/ftp/img03.taobaocdn.com/bao/uploaded/i4/479940663/TB2mjoCaXXXXXaVXXXXXXXXXXXX-479940663.jpg',0),(3,1,'/var/ftp/img04.taobaocdn.com/bao/uploaded/i2/479940663/TB2ps3zaXXXXXcOXXXXXXXXXXXX-479940663.jpg',0),(4,1,'/var/ftp/img05.taobaocdn.com/bao/uploaded/i2/479940663/TB2.uTcaFXXXXaBXXXXXXXXXXXX_!!479940663.jpg',0),(5,1,'/var/ftp/img04.taobaocdn.com/bao/uploaded/i4/479940663/TB2gegzaXXXXXbCXpXXXXXXXXXX-479940663.jpg',0),(6,2,'/var/ftp/img05.taobaocdn.com/bao/uploaded/TB1rUx0GVXXXXcyXpXXSutbFXXX',0);
/*!40000 ALTER TABLE `commodity_picture` ENABLE KEYS */;
UNLOCK TABLES;

--
-- Table structure for table `price_record`
--

DROP TABLE IF EXISTS `price_record`;
/*!40101 SET @saved_cs_client     = @@character_set_client */;
/*!40101 SET character_set_client = utf8 */;
CREATE TABLE `price_record` (
  `id` bigint(20) NOT NULL AUTO_INCREMENT,
  `commodity_id` bigint(20) DEFAULT NULL,
  `record_time` datetime DEFAULT NULL,
  `price` double DEFAULT NULL,
  `grab_time` datetime NOT NULL,
  PRIMARY KEY (`id`),
  UNIQUE KEY `commodity_id` (`commodity_id`,`record_time`)
) ENGINE=InnoDB AUTO_INCREMENT=3014 DEFAULT CHARSET=utf8;
/*!40101 SET character_set_client = @saved_cs_client */;

--
-- Dumping data for table `price_record`
--

LOCK TABLES `price_record` WRITE;
/*!40000 ALTER TABLE `price_record` DISABLE KEYS */;
INSERT INTO `price_record` VALUES (1,1,'2014-08-24 00:00:00',169,'2015-01-14 10:50:17'),(2,1,'2014-09-09 00:00:00',139,'2015-01-14 10:50:17'),(3,1,'2014-09-12 00:00:00',169,'2015-01-14 10:50:17'),(4,1,'2014-11-09 00:00:00',399,'2015-01-14 10:50:17'),(5,1,'2014-11-11 00:00:00',139,'2015-01-14 10:50:17'),(6,1,'2014-11-12 00:00:00',169,'2015-01-14 10:50:17'),(7,1,'2014-11-27 00:00:00',139,'2015-01-14 10:50:17'),(8,1,'2014-12-01 00:00:00',169,'2015-01-14 10:50:17'),(9,1,'2014-12-12 00:00:00',139,'2015-01-14 10:50:17'),(10,1,'2014-12-13 00:00:00',139,'2015-01-14 10:50:17'),(11,1,'2014-12-15 00:00:00',169,'2015-01-14 10:50:17'),(12,1,'2015-01-11 00:00:00',169.02,'2015-01-14 10:50:17'),(13,2,'2014-11-28 00:00:00',680,'2015-01-14 10:50:17'),(14,2,'2015-01-11 00:00:00',680,'2015-01-14 10:50:17'),(15,2,'2015-01-12 00:00:00',680,'2015-01-14 10:50:17'),(16,1,'2015-01-12 00:00:00',169.02,'2015-01-14 10:50:17'),(17,1,'2015-01-13 00:00:00',169.02,'2015-01-14 10:50:17'),(18,2,'2015-01-13 00:00:00',680,'2015-01-14 10:50:17'),(19,2,'2015-01-14 00:00:00',680,'2015-01-14 10:50:17'),(20,1,'2015-01-14 00:00:00',169.02,'2015-01-14 10:50:17'),(2944,2,'2015-01-15 00:00:00',680,'2015-01-15 00:00:00'),(2945,1,'2015-01-15 00:00:00',139.01,'2015-01-15 00:00:00'),(2946,2,'2015-01-16 00:00:00',680,'2015-01-16 00:00:00'),(2947,1,'2015-01-16 00:00:00',139.01,'2015-01-16 00:00:00'),(2948,1,'2015-01-17 00:00:00',139.01,'2015-01-17 00:00:00'),(2949,2,'2015-01-17 00:00:00',680,'2015-01-17 00:00:00'),(2950,1,'2015-01-18 00:00:00',139.01,'2015-01-18 00:00:00'),(2951,2,'2015-01-18 00:00:00',680,'2015-01-18 00:00:00'),(2952,1,'2015-01-19 00:00:00',139.01,'2015-01-19 00:00:00'),(2953,2,'2015-01-19 00:00:00',680,'2015-01-19 00:00:00'),(2954,2,'2015-01-20 00:00:00',680,'2015-01-20 00:00:00'),(2955,1,'2015-01-20 00:00:00',139.01,'2015-01-20 00:00:00'),(2956,1,'2015-01-21 00:00:00',139.01,'2015-01-21 00:00:00'),(2957,2,'2015-01-21 00:00:00',680,'2015-01-21 00:00:00'),(2958,1,'2015-01-22 00:00:00',139.01,'2015-01-22 00:00:00'),(2959,2,'2015-01-22 00:00:00',680,'2015-01-22 00:00:00'),(2960,1,'2015-01-23 00:00:00',169.02,'2015-01-23 00:00:00'),(2961,2,'2015-01-23 00:00:00',680,'2015-01-23 00:00:00'),(2962,1,'2015-01-24 00:00:00',169.02,'2015-01-24 00:00:00'),(2963,2,'2015-01-24 00:00:00',680,'2015-01-24 00:00:00'),(2964,2,'2015-01-25 00:00:00',680,'2015-01-25 00:00:00'),(2965,2,'2015-01-27 00:00:00',680,'2015-01-27 00:00:00'),(2966,1,'2015-01-27 00:00:00',169.02,'2015-01-27 00:00:00'),(2967,2,'2015-01-28 00:00:00',680,'2015-01-28 00:00:00'),(2968,1,'2015-01-28 00:00:00',169.02,'2015-01-28 00:00:00'),(2969,1,'2015-01-29 00:00:00',169.02,'2015-01-29 00:00:00'),(2970,2,'2015-01-29 00:00:00',680,'2015-01-29 00:00:00'),(2971,1,'2015-01-30 00:00:00',169.02,'2015-01-30 00:00:00'),(2972,2,'2015-01-30 00:00:00',680,'2015-01-30 00:00:00'),(2973,1,'2015-01-31 00:00:00',169.02,'2015-01-31 00:00:00'),(2974,2,'2015-01-31 00:00:00',680,'2015-01-31 00:00:00'),(2975,1,'2015-02-01 00:00:00',169.02,'2015-02-01 00:00:00'),(2976,2,'2015-02-01 00:00:00',680,'2015-02-01 00:00:00'),(2977,1,'2015-02-02 00:00:00',169.02,'2015-02-02 00:00:00'),(2978,2,'2015-02-02 00:00:00',680,'2015-02-02 00:00:00'),(2979,1,'2015-02-03 00:00:00',169.02,'2015-02-03 00:00:00'),(2980,2,'2015-02-03 00:00:00',680,'2015-02-03 00:00:00'),(2981,1,'2015-02-04 00:00:00',169.02,'2015-02-04 00:00:00'),(2982,2,'2015-02-04 00:00:00',680,'2015-02-04 00:00:00'),(2983,1,'2015-02-05 00:00:00',169.02,'2015-02-05 00:00:00'),(2984,2,'2015-02-05 00:00:00',680,'2015-02-05 00:00:00'),(2985,1,'2015-02-06 00:00:00',169.02,'2015-02-06 00:00:00'),(2986,2,'2015-02-06 00:00:00',680,'2015-02-06 00:00:00'),(2987,1,'2015-02-07 00:00:00',169.02,'2015-02-07 00:00:00'),(2988,2,'2015-02-07 00:00:00',680,'2015-02-07 00:00:00'),(2989,1,'2015-02-08 00:00:00',169.02,'2015-02-08 00:00:00'),(2990,2,'2015-02-08 00:00:00',680,'2015-02-08 00:00:00'),(2991,1,'2015-02-09 00:00:00',169.02,'2015-02-09 00:00:00'),(2992,2,'2015-02-09 00:00:00',680,'2015-02-09 00:00:00'),(2993,1,'2015-02-10 00:00:00',169.02,'2015-02-10 00:00:00'),(2994,2,'2015-02-10 00:00:00',680,'2015-02-10 00:00:00'),(2995,1,'2015-02-11 00:00:00',169.02,'2015-02-11 00:00:00'),(2996,2,'2015-02-11 00:00:00',680,'2015-02-11 00:00:00'),(2997,1,'2015-02-12 00:00:00',169.02,'2015-02-12 00:00:00'),(2998,2,'2015-02-12 00:00:00',680,'2015-02-12 00:00:00'),(2999,1,'2015-02-13 00:00:00',169.02,'2015-02-13 00:00:00'),(3000,1,'2015-02-14 00:00:00',169.02,'2015-02-14 00:00:00'),(3001,1,'2015-02-16 00:00:00',169.02,'2015-02-16 00:00:00'),(3002,1,'2015-02-17 00:00:00',169.02,'2015-02-17 00:00:00'),(3003,1,'2015-02-18 00:00:00',169.02,'2015-02-18 00:00:00'),(3004,1,'2015-02-19 00:00:00',169.02,'2015-02-19 00:00:00'),(3005,1,'2015-02-20 00:00:00',169.02,'2015-02-20 00:00:00'),(3006,1,'2014-08-25 00:00:00',169,'2015-02-21 00:00:00'),(3007,1,'2015-02-21 00:00:00',169.02,'2015-02-21 00:00:00'),(3008,1,'2014-08-26 00:00:00',169,'2015-02-22 00:00:00'),(3009,1,'2015-02-22 00:00:00',169.02,'2015-02-22 00:00:00'),(3010,1,'2014-08-27 00:00:00',169,'2015-02-23 00:00:00'),(3011,1,'2015-02-23 00:00:00',169.02,'2015-02-23 00:00:00'),(3012,1,'2014-08-28 00:00:00',169,'2015-02-24 00:00:00'),(3013,1,'2015-02-24 00:00:00',169.02,'2015-02-24 00:00:00');
/*!40000 ALTER TABLE `price_record` ENABLE KEYS */;
UNLOCK TABLES;

--
-- Table structure for table `proxy`
--

DROP TABLE IF EXISTS `proxy`;
/*!40101 SET @saved_cs_client     = @@character_set_client */;
/*!40101 SET character_set_client = utf8 */;
CREATE TABLE `proxy` (
  `id` int(11) NOT NULL AUTO_INCREMENT,
  `host` char(50) NOT NULL,
  `port` int(11) NOT NULL,
  `type` char(20) NOT NULL,
  `speed` int(11) NOT NULL,
  PRIMARY KEY (`id`),
  UNIQUE KEY `host` (`host`,`port`)
) ENGINE=InnoDB AUTO_INCREMENT=1186 DEFAULT CHARSET=utf8;
/*!40101 SET character_set_client = @saved_cs_client */;

--
-- Dumping data for table `proxy`
--

LOCK TABLES `proxy` WRITE;
/*!40000 ALTER TABLE `proxy` DISABLE KEYS */;
INSERT INTO `proxy` VALUES (9,'116.18.66.224',9999,'http',2147483647),(10,'112.21.19.83',8123,'http',2147483647),(11,'121.42.146.187',80,'http',2147483647),(12,'117.166.105.171',8123,'http',2147483647),(13,'117.162.8.15',8123,'http',2147483647),(14,'183.203.8.148',8080,'http',2147483647),(15,'222.87.129.218',843,'http',2147483647),(16,'58.242.249.56',13789,'http',2147483647),(17,'117.162.127.170',8123,'http',2147483647),(18,'119.40.57.86',808,'http',2147483647),(19,'113.9.13.222',8585,'http',2147483647),(20,'58.17.121.183',80,'http',2147483647),(21,'120.206.185.132',8123,'http',2147483647),(22,'111.166.203.67',8118,'http',2147483647),(23,'120.3.60.42',8118,'http',2147483647),(24,'114.41.173.180',9064,'http',2147483647),(25,'180.174.157.109',9999,'http',2147483647),(26,'123.119.160.255',8118,'http',2147483647),(27,'219.217.227.93',3128,'http',2147483647),(28,'218.14.32.199',8585,'http',2147483647),(29,'218.65.132.38',8081,'http',2147483647),(30,'101.109.72.5',80,'http',2147483647),(31,'121.18.18.234',9999,'http',2147483647),(32,'112.15.107.128',8123,'http',2147483647),(33,'180.153.100.242',86,'http',2147483647),(34,'120.193.146.95',82,'http',2147483647),(35,'121.56.76.42',8585,'http',2147483647),(36,'117.165.61.140',8123,'http',2147483647),(37,'124.161.94.8',80,'http',2147483647),(38,'112.45.189.146',8123,'http',2147483647),(39,'113.105.224.87',80,'http',2147483647),(40,'36.250.74.87',80,'http',2147483647),(41,'121.58.34.70',8118,'http',2147483647),(42,'117.177.243.7',80,'http',2147483647),(43,'117.166.221.91',8123,'http',2147483647),(44,'113.78.24.73',9999,'http',2147483647),(45,'183.207.229.194',8080,'http',2147483647),(46,'111.11.95.245',80,'http',2147483647),(47,'120.83.143.0',8118,'http',2147483647),(48,'110.80.69.44',8118,'http',2147483647),(49,'219.246.65.143',3128,'http',2147483647),(50,'183.160.1.137',808,'http',2147483647),(51,'200.111.102.206',3128,'http',2147483647),(52,'192.99.176.14',80,'http',2147483647),(53,'41.191.216.142',8080,'http',2147483647),(54,'189.27.151.75',8080,'http',2147483647),(55,'180.211.159.166',8080,'http',2147483647),(56,'91.191.3.240',8080,'http',2147483647),(57,'191.243.20.66',8080,'http',2147483647),(58,'127.73.235.18',80,'http',2147483647),(59,'14.20.200.173',8118,'http',2147483647),(60,'1.28.91.225',8118,'http',2147483647),(61,'1.195.239.66',8118,'http',2147483647),(62,'14.156.13.219',9999,'http',2147483647),(63,'182.247.120.26',8118,'http',2147483647),(64,'49.67.6.115',8118,'http',2147483647),(65,'14.114.246.224',8118,'http',2147483647),(66,'125.127.244.131',9527,'http',2147483647),(67,'110.152.84.227',8118,'http',2147483647),(68,'183.207.229.194',8888,'http',2147483647),(69,'117.162.113.162',8123,'http',2147483647),(70,'27.45.254.189',8118,'http',2147483647),(71,'183.216.108.235',8123,'http',2147483647),(72,'1.26.209.150',8118,'http',2147483647),(73,'183.250.179.29',80,'http',2147483647),(74,'115.226.197.23',8118,'http',2147483647),(75,'121.229.227.185',8118,'http',2147483647),(76,'183.218.63.59',8118,'http',2147483647),(77,'120.83.143.186',8118,'http',2147483647),(78,'59.52.212.96',8118,'http',2147483647),(79,'27.202.86.212',8118,'http',2147483647),(80,'219.228.230.209',8118,'http',2147483647),(81,'175.147.162.57',8118,'http',2147483647),(82,'111.206.102.130',80,'http',2147483647),(83,'101.86.9.85',9999,'http',2147483647),(84,'36.6.143.249',8118,'http',2147483647),(85,'110.82.255.131',8118,'http',2147483647),(86,'119.187.163.210',808,'http',2147483647),(87,'111.123.115.45',8118,'http',2147483647),(88,'42.231.189.105',8118,'http',2147483647),(89,'182.45.216.253',8118,'http',2147483647),(90,'111.192.253.192',9000,'http',2147483647),(91,'116.225.89.12',8118,'http',2147483647),(92,'117.171.166.22',8123,'http',2147483647),(93,'171.36.138.155',8118,'http',2147483647),(94,'113.78.16.170',3128,'http',2147483647),(95,'61.53.198.170',8585,'http',2147483647),(96,'123.11.212.217',18186,'http',2147483647),(97,'187.34.208.135',9064,'http',2147483647),(98,'92.99.179.118',8118,'http',2147483647),(99,'27.42.240.103',8118,'http',2147483647),(100,'219.142.251.102',8118,'http',2147483647),(101,'182.99.168.91',8118,'http',2147483647),(102,'42.185.216.4',80,'http',2147483647),(103,'113.16.247.211',8118,'http',2147483647),(104,'139.227.113.48',8090,'http',2147483647),(105,'110.17.136.114',8118,'http',2147483647),(106,'223.240.246.92',8118,'http',2147483647),(107,'175.102.1.58',8118,'http',2147483647),(108,'110.80.70.248',18186,'http',2147483647),(109,'112.123.20.171',8118,'http',2147483647),(110,'123.181.46.30',9999,'http',2147483647),(111,'115.49.126.207',9393,'http',2147483647),(112,'59.37.254.3',9999,'http',2147483647),(113,'123.241.2.83',9064,'http',2147483647),(114,'222.95.1.133',8118,'http',2147483647),(115,'140.240.66.28',8118,'http',2147483647),(116,'49.79.118.54',8118,'http',2147483647),(117,'117.149.243.146',8123,'http',2147483647),(118,'198.52.223.138',80,'http',2147483647),(119,'201.3.109.223',8080,'http',2147483647),(120,'92.99.23.110',8118,'http',2147483647),(148,'39.67.135.220',8585,'http',2147483647),(149,'110.180.226.234',9393,'http',2147483647),(150,'14.211.196.223',9999,'http',2147483647),(151,'115.202.167.180',8585,'http',2147483647),(152,'122.244.75.204',8118,'http',2147483647),(153,'116.228.80.186',8080,'http',2147483647),(154,'222.74.28.14',23,'http',2147483647),(155,'116.254.206.12',80,'http',2147483647),(156,'183.207.229.195',8090,'http',2147483647),(157,'112.45.179.191',8123,'http',2147483647),(158,'119.126.43.65',9999,'http',2147483647),(159,'27.208.22.233',8118,'http',2147483647),(160,'222.73.233.135',80,'http',2147483647),(161,'117.166.250.124',8123,'http',2147483647),(162,'113.78.9.102',9999,'http',2147483647),(163,'58.212.162.151',8118,'http',2147483647),(164,'218.5.74.174',80,'http',2147483647),(165,'183.203.8.147',8080,'http',2147483647),(166,'58.242.249.52',18350,'http',2147483647),(167,'14.221.115.80',9999,'http',2147483647),(168,'219.159.199.185',9999,'http',2147483647),(169,'117.40.37.34',8118,'http',2147483647),(170,'111.162.251.178',8585,'http',2147483647),(171,'117.162.116.55',8123,'http',2147483647),(172,'114.240.234.1',8118,'http',2147483647),(173,'112.102.47.185',8118,'http',2147483647),(174,'220.171.147.115',8118,'http',2147483647),(175,'117.10.89.153',8585,'http',2147483647),(176,'219.70.192.156',9064,'http',2147483647),(177,'219.242.188.246',8088,'http',2147483647),(178,'202.118.250.234',8080,'http',2147483647),(179,'186.79.48.186',8080,'http',2147483647),(180,'189.71.142.193',8080,'http',2147483647),(181,'117.165.135.243',8123,'http',2147483647),(182,'111.1.3.38',8000,'http',2147483647),(183,'117.166.206.68',8123,'http',2147483647),(184,'120.197.234.166',80,'http',2147483647),(185,'54.223.150.114',3128,'http',2147483647),(186,'112.45.189.43',8123,'http',2147483647),(187,'121.14.138.56',81,'http',2147483647),(188,'117.164.184.84',8123,'http',2147483647),(189,'60.55.43.3',3128,'http',2147483647),(190,'58.242.249.31',33948,'http',2147483647),(191,'183.223.184.89',8123,'http',2147483647),(192,'1.202.21.87',8118,'http',2147483647),(193,'120.206.133.191',8123,'http',2147483647),(194,'221.205.13.184',8118,'http',2147483647),(195,'58.242.249.14',33942,'http',2147483647),(196,'183.47.105.69',9999,'http',2147483647),(197,'110.16.250.206',8585,'http',2147483647),(198,'183.216.152.94',8123,'http',2147483647),(199,'111.161.126.100',80,'http',2147483647),(200,'14.157.144.12',9999,'http',2147483647),(201,'36.235.180.6',9064,'http',2147483647),(202,'183.203.22.102',80,'http',2147483647),(203,'183.207.228.119',84,'http',2147483647),(204,'111.164.222.10',8118,'http',2147483647),(205,'117.166.79.22',8123,'http',2147483647),(206,'117.163.133.165',8123,'http',2147483647),(207,'101.83.32.194',80,'http',2147483647),(208,'49.91.38.143',80,'http',2147483647),(209,'189.78.20.160',9064,'http',2147483647),(210,'109.175.8.38',8080,'http',2147483647),(211,'190.193.225.40',9064,'http',2147483647),(212,'117.165.48.204',8123,'http',2147483647),(213,'58.242.249.31',13933,'http',2147483647),(214,'183.211.78.122',8123,'http',2147483647),(215,'223.83.233.9',8123,'http',2147483647),(216,'110.77.194.179',80,'http',2147483647),(217,'54.223.157.212',3128,'http',2147483647),(218,'183.219.29.1',8123,'http',2147483647),(219,'120.206.186.87',8123,'http',2147483647),(220,'112.45.182.13',8123,'http',2147483647),(221,'120.83.5.164',18000,'http',2147483647),(222,'210.242.86.138',8080,'http',2147483647),(223,'59.108.48.37',8080,'http',2147483647),(224,'121.57.75.195',8585,'http',2147483647),(225,'111.3.17.190',8123,'http',2147483647),(226,'117.163.231.14',8123,'http',2147483647),(227,'111.3.73.225',8123,'http',2147483647),(228,'182.123.169.83',8585,'http',2147483647),(229,'101.85.203.196',9999,'http',2147483647),(230,'124.88.67.10',80,'http',2147483647),(231,'36.250.74.87',8103,'http',2147483647),(232,'117.165.8.52',8123,'http',2147483647),(233,'183.207.229.203',9999,'http',2147483647),(234,'159.8.36.242',3128,'http',2147483647),(235,'187.58.100.183',8080,'http',2147483647),(236,'103.245.205.66',8080,'http',2147483647),(237,'190.7.57.34',8080,'http',2147483647),(238,'181.213.218.138',8080,'http',2147483647),(239,'103.41.176.1',7808,'http',2147483647),(240,'185.72.156.19',7808,'http',2147483647),(241,'185.54.4.198',8080,'http',2147483647),(302,'110.80.49.85',8118,'http',2147483647),(303,'180.110.250.126',8118,'http',2147483647),(304,'218.26.254.164',8118,'http',2147483647),(305,'183.217.31.49',8123,'http',2147483647),(306,'222.129.202.169',8118,'http',2147483647),(307,'123.122.152.142',8118,'http',2147483647),(308,'116.28.109.166',9999,'http',2147483647),(309,'120.206.224.4',8123,'http',2147483647),(310,'112.45.184.151',8123,'http',2147483647),(311,'114.38.194.184',9064,'http',2147483647),(312,'119.254.84.90',80,'http',2147483647),(313,'117.167.227.145',8123,'http',2147483647),(314,'220.173.48.53',8118,'http',2147483647),(315,'183.140.198.60',8118,'http',2147483647),(316,'183.149.134.112',8118,'http',2147483647),(317,'123.172.162.70',8118,'http',2147483647),(318,'14.156.122.104',9000,'http',2147483647),(319,'122.232.253.66',8118,'http',2147483647),(320,'117.170.227.246',8123,'http',2147483647),(321,'223.84.238.166',8123,'http',2147483647),(322,'223.84.107.175',8123,'http',2147483647),(323,'122.96.13.80',8118,'http',2147483647),(324,'192.99.240.225',3128,'http',2147483647),(325,'177.96.220.192',8080,'http',2147483647),(326,'117.58.242.172',8080,'http',2147483647),(327,'186.38.35.22',8080,'http',2147483647),(328,'103.41.176.1',8089,'http',2147483647),(329,'185.72.156.19',8089,'http',2147483647),(330,'124.192.220.118',8118,'http',2147483647),(331,'119.54.232.255',8118,'http',2147483647),(332,'14.220.0.71',8118,'http',2147483647),(333,'110.73.67.22',8118,'http',2147483647),(334,'112.3.25.6',8123,'http',2147483647),(335,'220.136.36.133',9064,'http',2147483647),(336,'112.45.189.196',8123,'http',2147483647),(337,'223.84.252.225',8123,'http',2147483647),(338,'117.162.249.164',8123,'http',2147483647),(339,'113.105.224.95',80,'http',2147483647),(340,'117.177.242.147',80,'http',2147483647),(341,'115.49.246.76',8118,'http',2147483647),(342,'180.111.99.148',8118,'http',2147483647),(343,'111.163.79.182',8118,'http',2147483647),(344,'113.119.121.106',9999,'http',2147483647),(345,'111.115.11.243',8118,'http',2147483647),(346,'117.164.141.127',8123,'http',2147483647),(347,'101.94.217.185',8118,'http',2147483647),(348,'121.237.117.193',8118,'http',2147483647),(349,'61.91.251.4',8080,'http',2147483647),(350,'125.45.117.117',80,'http',2147483647),(351,'120.236.148.113',3128,'http',2147483647),(352,'42.227.214.38',8118,'http',2147483647),(353,'58.242.249.31',34015,'http',2147483647),(354,'58.194.88.11',8118,'http',2147483647),(355,'114.252.110.111',8118,'http',2147483647),(356,'218.8.223.82',8118,'http',2147483647),(357,'117.165.48.211',8123,'http',2147483647),(358,'120.206.151.131',8123,'http',2147483647),(359,'183.203.22.108',80,'http',2147483647),(360,'123.8.184.247',8118,'http',2147483647),(361,'192.99.3.129',3128,'http',2147483647),(362,'186.226.99.158',8080,'http',2147483647),(363,'120.149.116.196',3128,'http',2147483647),(364,'200.114.98.52',8080,'http',2147483647),(365,'130.0.25.52',8080,'http',2147483647),(366,'179.43.122.224',3128,'http',2147483647),(367,'123.121.102.233',9999,'http',2147483647),(368,'58.242.249.31',35094,'http',2147483647),(369,'117.167.70.122',8123,'http',2147483647),(370,'113.16.51.205',8118,'http',2147483647),(371,'183.57.82.72',80,'http',2147483647),(372,'125.77.190.155',8585,'http',2147483647),(373,'117.163.173.239',8123,'http',2147483647),(374,'114.221.52.64',8088,'http',2147483647),(375,'119.126.44.174',9000,'http',2147483647),(376,'219.156.157.186',80,'http',2147483647),(377,'117.177.242.145',80,'http',2147483647),(378,'61.62.45.152',8088,'http',2147483647),(379,'116.231.32.101',80,'http',2147483647),(380,'222.94.211.97',8118,'http',2147483647),(381,'218.203.13.178',80,'http',2147483647),(382,'120.87.85.45',8080,'http',2147483647),(383,'112.85.137.146',18186,'http',2147483647),(384,'36.231.204.78',9064,'http',2147483647),(385,'117.163.114.198',8123,'http',2147483647),(386,'117.164.185.187',8123,'http',2147483647),(387,'112.15.36.252',8123,'http',2147483647),(388,'42.159.153.181',1080,'http',2147483647),(389,'117.169.201.16',8123,'http',2147483647),(390,'124.88.67.13',80,'http',2147483647),(391,'120.206.205.199',8123,'http',2147483647),(392,'36.250.74.88',8103,'http',2147483647),(393,'41.205.10.56',8080,'http',2147483647),(394,'186.67.116.138',8080,'http',2147483647),(395,'93.125.121.120',3128,'http',2147483647),(396,'177.55.254.194',8080,'http',2147483647),(397,'91.193.201.27',8080,'http',2147483647),(398,'119.148.23.235',8080,'http',2147483647),(399,'188.127.101.252',8080,'http',2147483647),(400,'134.19.208.89',8118,'http',2147483647),(401,'223.252.33.217',14826,'http',2147483647),(402,'181.166.79.5',3129,'http',2147483647),(403,'79.106.108.178',8080,'http',2147483647),(404,'185.33.153.137',80,'http',2147483647),(405,'179.158.224.199',3128,'http',2147483647),(406,'223.83.26.177',8123,'http',2147483647),(407,'180.96.66.13',80,'http',2147483647),(408,'117.177.243.4',80,'http',2147483647),(409,'101.44.3.50',1080,'http',2147483647),(410,'202.119.25.70',9999,'http',2147483647),(411,'111.161.126.101',80,'http',2147483647),(412,'117.164.185.111',8123,'http',2147483647),(413,'61.19.51.54',8080,'http',2147483647),(414,'117.163.128.252',8123,'http',2147483647),(415,'61.62.202.51',8088,'http',2147483647),(416,'114.248.10.110',8118,'http',2147483647),(417,'117.167.42.106',8123,'http',2147483647),(418,'123.71.247.176',8123,'http',2147483647),(419,'123.119.99.160',3128,'http',2147483647),(420,'183.22.212.98',1080,'http',2147483647),(421,'101.71.27.120',80,'http',2147483647),(422,'117.169.228.201',8123,'http',2147483647),(423,'186.67.116.142',8080,'http',2147483647),(424,'203.76.103.162',8080,'http',2147483647),(425,'186.138.66.241',8080,'http',2147483647),(426,'120.206.134.205',8123,'http',2147483647),(427,'111.3.72.83',8123,'http',2147483647),(428,'117.178.179.219',8123,'http',2147483647),(429,'117.171.159.160',8123,'http',2147483647),(430,'117.164.196.39',8123,'http',2147483647),(431,'120.96.99.23',3128,'http',2147483647),(432,'180.153.100.242',85,'http',2147483647),(433,'201.12.21.230',8080,'http',2147483647),(434,'110.175.94.70',8080,'http',2147483647),(435,'186.137.154.125',3128,'http',2147483647),(436,'95.107.161.198',3128,'http',2147483647),(437,'91.75.84.224',3128,'http',2147483647),(438,'185.34.16.119',8080,'http',2147483647),(439,'181.211.12.58',8080,'http',2147483647),(440,'117.162.234.174',8123,'http',2147483647),(441,'117.177.243.3',80,'http',2147483647),(442,'58.242.249.52',18888,'http',2147483647),(443,'183.207.229.194',8090,'http',2147483647),(444,'59.33.24.34',8585,'http',2147483647),(445,'221.130.199.223',80,'http',2147483647),(446,'121.42.138.65',3128,'http',2147483647),(447,'117.165.154.110',8123,'http',2147483647),(448,'117.162.52.14',8123,'http',2147483647),(449,'122.244.21.158',8118,'http',2147483647),(450,'114.42.113.71',9064,'http',2147483647),(451,'114.252.101.21',8118,'http',2147483647),(452,'218.9.141.23',8585,'http',2147483647),(453,'183.148.167.115',8585,'http',2147483647),(454,'123.114.55.24',8118,'http',2147483647),(455,'117.23.102.31',8585,'http',2147483647),(456,'113.102.253.52',9999,'http',2147483647),(457,'117.162.85.183',8123,'http',2147483647),(458,'117.162.126.193',8123,'http',2147483647),(459,'110.168.255.111',9064,'http',2147483647),(460,'200.163.99.125',8080,'http',2147483647),(461,'180.211.191.198',3128,'http',2147483647),(462,'91.72.220.218',80,'http',2147483647),(463,'127.73.236.18',80,'http',2147483647),(464,'117.171.188.255',8123,'http',2147483647),(465,'58.242.249.62',23684,'http',2147483647),(466,'117.162.135.9',8123,'http',2147483647),(467,'121.237.96.165',8118,'http',2147483647),(468,'27.226.47.88',8585,'http',2147483647),(469,'121.31.160.241',80,'http',2147483647),(470,'218.203.13.171',80,'http',2147483647),(471,'218.14.21.195',8585,'http',2147483647),(472,'120.206.79.15',8123,'http',2147483647),(473,'219.68.45.69',9064,'http',2147483647),(474,'119.90.127.3',80,'http',2147483647),(475,'117.167.215.174',8123,'http',2147483647),(476,'221.220.59.144',8118,'http',2147483647),(477,'115.52.68.98',8585,'http',2147483647),(478,'112.45.178.234',8123,'http',2147483647),(479,'117.163.23.190',8123,'http',2147483647),(480,'14.218.164.103',9999,'http',2147483647),(481,'183.207.228.117',84,'http',2147483647),(482,'192.99.116.89',80,'http',2147483647),(483,'177.55.254.57',8080,'http',2147483647),(484,'193.22.238.69',8080,'http',2147483647),(485,'117.164.37.120',8123,'http',2147483647),(486,'119.60.51.205',8080,'http',2147483647),(487,'183.207.229.18',80,'http',2147483647),(488,'171.116.62.62',8118,'http',2147483647),(489,'117.177.182.171',8123,'http',2147483647),(490,'49.94.153.11',80,'http',2147483647),(491,'183.217.28.130',8123,'http',2147483647),(492,'114.81.222.21',80,'http',2147483647),(493,'121.31.160.241',9999,'http',2147483647),(494,'117.166.23.148',8123,'http',2147483647),(495,'120.206.222.191',8123,'http',2147483647),(496,'1.34.205.245',3128,'http',2147483647),(497,'121.206.191.246',18186,'http',2147483647),(498,'183.234.0.59',1080,'http',2147483647),(499,'117.13.17.136',8118,'http',2147483647),(500,'123.119.84.36',8118,'http',2147483647),(501,'42.97.70.123',80,'http',2147483647),(502,'27.44.166.169',9999,'http',2147483647),(503,'112.45.189.235',8123,'http',2147483647),(504,'192.99.246.101',3128,'http',2147483647),(505,'177.184.134.235',8080,'http',2147483647),(506,'117.162.82.28',8123,'http',2147483647),(507,'183.207.228.23',82,'http',2147483647),(508,'49.91.20.31',80,'http',2147483647),(509,'183.217.37.74',8123,'http',2147483647),(510,'183.203.22.90',80,'http',2147483647),(511,'221.130.199.222',80,'http',2147483647),(512,'60.219.215.165',8118,'http',2147483647),(513,'59.52.236.55',8118,'http',2147483647),(514,'115.63.27.136',8118,'http',2147483647),(515,'210.202.58.20',9064,'http',2147483647),(516,'219.68.228.143',9064,'http',2147483647),(517,'120.193.146.95',83,'http',2147483647),(518,'117.163.164.5',8123,'http',2147483647),(519,'183.207.229.11',82,'http',2147483647),(520,'42.97.5.37',80,'http',2147483647),(521,'218.204.77.132',8123,'http',2147483647),(522,'59.57.211.31',8118,'http',2147483647),(523,'101.89.148.200',80,'http',2147483647),(524,'117.14.244.14',8118,'http',2147483647),(525,'123.119.164.226',8001,'http',2147483647),(526,'118.77.15.69',8118,'http',2147483647),(527,'121.13.216.165',18186,'http',2147483647),(528,'177.5.79.168',8080,'http',2147483647),(529,'117.149.252.16',8123,'http',2147483647),(530,'183.216.180.203',8123,'http',2147483647),(531,'123.119.164.226',8118,'http',2147483647),(532,'183.219.6.225',8123,'http',2147483647),(533,'115.229.186.136',8118,'http',2147483647),(534,'117.166.106.146',8123,'http',2147483647),(535,'183.219.87.32',8123,'http',2147483647),(536,'124.88.67.40',81,'http',2147483647),(537,'117.178.195.25',8123,'http',2147483647),(538,'180.213.58.186',8118,'http',2147483647),(539,'180.110.251.69',8118,'http',2147483647),(540,'183.217.61.173',8123,'http',2147483647),(541,'180.183.255.252',3128,'http',2147483647),(542,'120.113.161.200',9064,'http',2147483647),(543,'124.205.26.52',8888,'http',2147483647),(544,'112.93.165.225',8080,'http',2147483647),(545,'120.206.178.10',8123,'http',2147483647),(546,'186.35.24.14',9064,'http',2147483647),(547,'159.8.15.67',3128,'http',2147483647),(548,'189.89.159.122',43061,'http',2147483647),(549,'190.216.36.62',3128,'http',2147483647),(550,'103.255.121.202',8080,'http',2147483647),(551,'181.39.14.146',8080,'http',2147483647),(552,'113.14.118.132',8118,'http',2147483647),(553,'183.160.51.123',8118,'http',2147483647),(554,'58.53.81.101',8118,'http',2147483647),(555,'113.12.213.19',8118,'http',2147483647),(556,'61.152.171.144',808,'http',2147483647),(557,'110.87.81.179',8118,'http',2147483647),(558,'117.178.178.145',8123,'http',2147483647),(559,'114.240.196.124',8090,'http',2147483647),(560,'58.243.233.127',8118,'http',2147483647),(561,'117.170.229.121',8123,'http',2147483647),(562,'113.14.42.160',8118,'http',2147483647),(563,'183.165.174.36',8118,'http',2147483647),(564,'123.114.105.167',8118,'http',2147483647),(565,'123.240.178.38',9064,'http',2147483647),(566,'124.117.185.212',8118,'http',2147483647),(567,'112.113.161.18',8118,'http',2147483647),(568,'114.232.50.236',8118,'http',2147483647),(569,'59.39.208.69',1080,'http',2147483647),(570,'183.149.128.107',8118,'http',2147483647),(571,'183.151.13.43',8118,'http',2147483647),(572,'114.222.173.134',8118,'http',2147483647),(573,'223.82.9.158',8123,'http',2147483647),(574,'60.189.65.45',8118,'http',2147483647),(575,'112.233.59.100',8118,'http',2147483647),(576,'49.94.27.231',80,'http',2147483647),(577,'59.52.211.121',8118,'http',2147483647),(578,'60.165.26.24',8118,'http',2147483647),(579,'198.52.255.225',80,'http',2147483647),(580,'201.29.233.27',8080,'http',2147483647),(581,'87.120.56.7',8080,'http',2147483647),(582,'201.235.128.208',9064,'http',2147483647),(583,'103.254.208.53',3128,'http',2147483647),(584,'185.73.170.29',8080,'http',2147483647),(585,'191.103.30.221',8080,'http',2147483647),(586,'111.193.182.132',8118,'http',2147483647),(587,'183.219.87.114',8123,'http',2147483647),(588,'113.12.213.246',8118,'http',2147483647),(589,'110.80.74.47',8118,'http',2147483647),(590,'27.37.155.79',8118,'http',2147483647),(591,'125.35.114.35',8118,'http',2147483647),(592,'124.113.15.110',8585,'http',2147483647),(593,'112.228.146.55',8118,'http',2147483647),(594,'116.252.63.54',8118,'http',2147483647),(595,'218.13.159.99',8118,'http',2147483647),(596,'113.194.2.78',8118,'http',2147483647),(597,'60.166.164.111',8118,'http',2147483647),(598,'110.182.236.77',8118,'http',2147483647),(599,'117.86.101.110',8118,'http',2147483647),(600,'116.231.114.75',8118,'http',2147483647),(601,'140.112.230.243',9064,'http',2147483647),(602,'183.207.229.139',88,'http',2147483647),(603,'111.75.27.107',8118,'http',2147483647),(604,'117.162.37.147',8123,'http',2147483647),(605,'221.181.73.45',80,'http',2147483647),(606,'183.148.96.255',8118,'http',2147483647),(607,'121.225.33.4',8118,'http',2147483647),(608,'115.150.231.135',8118,'http',2147483647),(609,'117.30.182.20',8118,'http',2147483647),(610,'190.217.165.140',9064,'http',2147483647),(611,'201.80.238.62',9064,'http',2147483647),(612,'119.148.12.130',8080,'http',2147483647),(613,'78.104.176.244',9064,'http',2147483647),(614,'185.41.154.92',9064,'http',2147483647),(615,'101.227.252.130',8081,'http',2147483647),(616,'49.113.111.217',8090,'http',2147483647),(617,'118.181.25.228',8118,'http',2147483647),(618,'182.44.150.15',9000,'http',2147483647),(619,'120.70.60.58',9527,'http',2147483647),(620,'123.132.241.137',16211,'http',2147483647),(621,'120.3.56.201',9527,'http',2147483647),(622,'58.247.68.81',8090,'http',2147483647),(623,'222.82.178.168',8090,'http',2147483647),(624,'113.78.27.236',9000,'http',2147483647),(625,'116.209.19.188',9527,'http',2147483647),(626,'118.78.227.167',9527,'http',2147483647),(627,'218.11.67.206',9393,'http',2147483647),(628,'115.58.207.129',9797,'http',2147483647),(629,'182.240.33.131',8585,'http',2147483647),(630,'60.173.169.172',8118,'http',2147483647),(631,'27.44.161.193',9999,'http',2147483647),(632,'114.105.175.214',8118,'http',2147483647),(633,'119.120.58.37',8118,'http',2147483647),(634,'222.170.108.54',9000,'http',2147483647),(635,'112.111.107.220',9000,'http',2147483647),(636,'122.241.95.103',8118,'http',2147483647),(637,'120.70.8.251',9527,'http',2147483647),(638,'117.168.237.161',8123,'http',2147483647),(639,'106.59.98.252',8090,'http',2147483647),(640,'183.32.106.126',8888,'http',2147483647),(641,'14.213.148.52',9000,'http',2147483647),(642,'58.22.216.255',9000,'http',2147483647),(643,'60.161.172.172',9527,'http',2147483647),(644,'123.4.204.171',8090,'http',2147483647),(645,'117.42.10.181',9527,'http',2147483647),(646,'117.171.119.115',8123,'http',2147483647),(647,'117.178.113.51',8123,'http',2147483647),(648,'119.126.44.190',9000,'http',2147483647),(649,'124.130.36.180',9797,'http',2147483647),(650,'222.219.84.218',9393,'http',2147483647),(651,'181.43.65.65',8080,'http',2147483647),(652,'217.162.100.210',21320,'http',2147483647),(653,'71.7.234.197',21320,'http',2147483647),(654,'217.21.43.237',3128,'http',2147483647),(655,'189.49.83.8',8080,'http',2147483647),(656,'180.234.103.80',8080,'http',2147483647),(657,'190.178.72.225',8080,'http',2147483647),(658,'95.107.161.114',8080,'http',2147483647),(659,'92.96.230.188',8118,'http',2147483647),(660,'103.254.208.18',3128,'http',2147483647),(661,'190.112.24.144',8080,'http',2147483647),(662,'58.22.217.77',9000,'http',2147483647),(663,'1.63.224.225',9527,'http',2147483647),(664,'183.151.161.57',8118,'http',2147483647),(665,'113.129.106.31',80,'http',2147483647),(666,'117.164.218.148',8123,'http',2147483647),(667,'140.240.126.131',9527,'http',2147483647),(668,'118.73.186.251',80,'http',2147483647),(669,'116.210.20.131',8118,'http',2147483647),(670,'101.89.66.101',80,'http',2147483647),(671,'182.205.43.205',80,'http',2147483647),(672,'119.187.172.221',8585,'http',2147483647),(673,'59.54.218.252',9527,'http',2147483647),(674,'119.101.23.230',8118,'http',2147483647),(675,'116.231.29.236',80,'http',2147483647),(676,'123.56.105.247',8081,'http',2147483647),(677,'113.80.64.150',9797,'http',2147483647),(678,'49.113.48.250',8118,'http',2147483647),(679,'119.120.84.220',9797,'http',2147483647),(680,'183.166.193.53',9797,'http',2147483647),(681,'113.113.89.64',3128,'http',2147483647),(682,'110.152.64.30',8090,'http',2147483647),(683,'14.115.63.153',8118,'http',2147483647),(684,'183.44.20.156',8118,'http',2147483647),(685,'175.44.135.105',9000,'http',2147483647),(686,'112.251.68.246',9393,'http',2147483647),(687,'183.216.137.159',8123,'http',2147483647),(688,'115.226.157.209',8090,'http',2147483647),(689,'117.178.77.137',8123,'http',2147483647),(690,'106.59.98.179',8090,'http',2147483647),(691,'41.205.9.248',8080,'http',2147483647),(692,'179.56.211.18',9064,'http',2147483647),(693,'198.50.214.27',3128,'http',2147483647),(694,'177.16.228.88',8080,'http',2147483647),(695,'59.152.102.18',8080,'http',2147483647),(696,'200.42.69.94',8080,'http',2147483647),(697,'103.242.79.29',8080,'http',2147483647),(698,'150.107.10.37',8080,'http',2147483647),(699,'179.21.56.11',8080,'http',2147483647),(700,'124.88.79.178',8118,'http',2147483647),(701,'113.17.12.235',8118,'http',2147483647),(702,'123.129.74.132',18186,'http',2147483647),(703,'124.119.154.31',8118,'http',2147483647),(704,'222.142.132.208',8080,'http',2147483647),(705,'183.151.14.219',8118,'http',2147483647),(706,'115.29.139.177',65432,'http',2147483647),(707,'175.44.135.0',9000,'http',2147483647),(708,'175.146.171.118',8118,'http',2147483647),(709,'210.51.2.203',8089,'http',2147483647),(710,'14.24.11.96',3128,'http',2147483647),(711,'27.42.186.48',9999,'http',2147483647),(712,'140.240.68.130',8118,'http',2147483647),(713,'1.181.2.164',3128,'http',2147483647),(714,'117.168.235.145',8123,'http',2147483647),(715,'117.171.186.156',8123,'http',2147483647),(716,'117.178.193.19',8123,'http',2147483647),(717,'14.214.241.97',8088,'http',2147483647),(718,'116.231.116.45',8090,'http',2147483647),(719,'49.113.197.43',8118,'http',2147483647),(720,'113.129.105.6',80,'http',2147483647),(721,'14.25.177.122',3128,'http',2147483647),(722,'179.56.38.52',9064,'http',2147483647),(723,'189.5.178.64',9064,'http',2147483647),(724,'200.82.38.100',9064,'http',2147483647),(725,'92.96.227.150',8118,'http',2147483647),(726,'191.182.27.237',3128,'http',2147483647),(727,'183.218.52.212',8123,'http',2147483647),(728,'114.221.7.124',8118,'http',2147483647),(729,'27.202.90.125',9393,'http',2147483647),(730,'182.241.88.68',8118,'http',2147483647),(731,'101.86.179.10',8118,'http',2147483647),(732,'58.212.241.219',8118,'http',2147483647),(733,'123.129.93.67',8118,'http',2147483647),(734,'121.19.45.175',8585,'http',2147483647),(735,'140.249.10.167',8585,'http',2147483647),(736,'114.95.36.4',8118,'http',2147483647),(737,'117.166.94.74',8123,'http',2147483647),(738,'121.62.71.170',8118,'http',2147483647),(739,'122.159.170.215',8585,'http',2147483647),(740,'121.31.162.75',80,'http',2147483647),(741,'120.86.101.200',18186,'http',2147483647),(742,'183.31.135.158',8118,'http',2147483647),(743,'114.250.125.4',8118,'http',2147483647),(744,'222.140.152.200',8118,'http',2147483647),(745,'222.129.41.94',8118,'http',2147483647),(746,'192.99.170.182',8080,'http',2147483647),(747,'177.133.203.5',8080,'http',2147483647),(748,'181.114.227.226',8080,'http',2147483647),(749,'94.59.86.252',8118,'http',2147483647),(750,'139.227.151.199',8090,'http',2147483647),(751,'115.230.31.96',9999,'http',2147483647),(752,'110.242.122.175',9393,'http',2147483647),(753,'119.187.169.194',9393,'http',2147483647),(754,'110.189.242.164',9000,'http',2147483647),(755,'60.221.41.135',18186,'http',2147483647),(756,'1.60.155.78',9000,'http',2147483647),(757,'114.85.115.76',9999,'http',2147483647),(758,'60.23.99.224',8118,'http',2147483647),(759,'113.2.210.24',8118,'http',2147483647),(760,'58.253.86.232',9393,'http',2147483647),(761,'106.123.15.23',8118,'http',2147483647),(762,'14.20.223.35',8118,'http',2147483647),(763,'182.114.125.32',9393,'http',2147483647),(764,'182.244.230.22',8118,'http',2147483647),(765,'60.14.141.227',9393,'http',2147483647),(766,'119.128.61.159',9797,'http',2147483647),(767,'222.83.119.144',8118,'http',2147483647),(768,'183.45.151.253',8118,'http',2147483647),(769,'117.166.118.238',8123,'http',2147483647),(770,'115.54.224.11',9797,'http',2147483647),(771,'112.114.103.209',8118,'http',2147483647),(772,'27.36.118.214',8118,'http',2147483647),(773,'110.18.204.129',9393,'http',2147483647),(774,'117.167.214.80',8123,'http',2147483647),(775,'118.212.62.38',9393,'http',2147483647),(776,'175.44.135.154',9000,'http',2147483647),(777,'112.233.32.234',8118,'http',2147483647),(778,'14.223.199.54',9393,'http',2147483647),(779,'110.18.83.206',9527,'http',2147483647),(780,'27.202.126.79',9527,'http',2147483647),(781,'182.134.200.115',9527,'http',2147483647),(782,'171.121.200.52',9393,'http',2147483647),(783,'120.68.7.232',8118,'http',2147483647),(784,'181.163.165.114',8080,'http',2147483647),(785,'186.241.116.62',8080,'http',2147483647),(786,'77.78.31.3',8080,'http',2147483647),(787,'182.48.93.65',8080,'http',2147483647),(788,'200.41.195.253',8080,'http',2147483647),(789,'92.96.156.83',8118,'http',2147483647),(790,'191.33.13.194',8080,'http',2147483647),(791,'223.167.34.182',8118,'http',2147483647),(792,'42.159.102.222',3128,'http',2147483647),(793,'122.158.123.71',9393,'http',2147483647),(794,'182.244.232.183',8118,'http',2147483647),(795,'111.123.71.254',9527,'http',2147483647),(796,'114.92.251.9',18186,'http',2147483647),(797,'120.71.178.205',9393,'http',2147483647),(798,'222.130.16.231',18186,'http',2147483647),(799,'113.79.140.220',8118,'http',2147483647),(800,'113.72.62.116',9797,'http',2147483647),(801,'119.177.250.156',9527,'http',2147483647),(802,'60.173.173.31',808,'http',2147483647),(803,'116.95.74.111',9797,'http',2147483647),(804,'1.181.122.41',3128,'http',2147483647),(805,'183.23.218.14',9999,'http',2147483647),(806,'218.13.95.82',8118,'http',2147483647),(807,'221.222.116.165',9393,'http',2147483647),(808,'123.11.32.162',9527,'http',2147483647),(809,'115.48.152.248',9797,'http',2147483647),(810,'116.95.217.9',9797,'http',2147483647),(811,'117.168.212.226',8123,'http',2147483647),(812,'14.205.225.40',9527,'http',2147483647),(813,'27.42.186.10',9999,'http',2147483647),(814,'182.241.75.253',8585,'http',2147483647),(815,'183.151.13.129',8118,'http',2147483647),(816,'117.177.182.175',8123,'http',2147483647),(817,'117.45.240.151',8118,'http',2147483647),(818,'117.178.135.65',8123,'http',2147483647),(819,'120.2.121.111',8118,'http',2147483647),(820,'125.74.71.251',9527,'http',2147483647),(821,'200.49.19.252',9064,'http',2147483647),(822,'41.207.210.162',8080,'http',2147483647),(823,'173.243.32.40',8080,'http',2147483647),(824,'200.236.233.199',9064,'http',2147483647),(825,'182.48.67.186',8080,'http',2147483647),(826,'92.96.223.8',8118,'http',2147483647),(827,'117.170.19.47',8123,'http',2147483647),(828,'61.62.6.54',9064,'http',2147483647),(829,'111.75.27.159',8118,'http',2147483647),(830,'183.223.160.117',8123,'http',2147483647),(831,'58.23.45.160',8118,'http',2147483647),(832,'111.242.185.57',9064,'http',2147483647),(833,'117.88.250.35',8118,'http',2147483647),(834,'219.130.229.39',8585,'http',2147483647),(835,'42.121.119.166',3128,'http',2147483647),(836,'118.180.222.147',18186,'http',2147483647),(837,'183.148.107.186',8118,'http',2147483647),(838,'180.150.191.216',8888,'http',2147483647),(839,'49.94.25.24',80,'http',2147483647),(840,'120.70.58.158',18186,'http',2147483647),(841,'117.162.44.38',8123,'http',2147483647),(842,'219.246.90.162',3128,'http',2147483647),(843,'183.149.193.129',8118,'http',2147483647),(844,'115.28.59.209',3128,'http',2147483647),(845,'116.210.21.11',9797,'http',2147483647),(846,'120.206.139.96',8123,'http',2147483647),(847,'1.57.144.168',9797,'http',2147483647),(848,'59.37.252.196',9999,'http',2147483647),(849,'124.64.211.133',8118,'http',2147483647),(850,'219.131.172.82',9999,'http',2147483647),(851,'220.173.56.42',8118,'http',2147483647),(852,'182.241.109.243',8585,'http',2147483647),(853,'41.205.3.188',8080,'http',2147483647),(854,'186.34.253.124',8080,'http',2147483647),(855,'75.97.47.31',9064,'http',2147483647),(856,'177.184.187.204',8080,'http',2147483647),(857,'186.121.210.226',8080,'http',2147483647),(858,'95.158.139.210',3333,'http',2147483647),(859,'203.83.172.94',8080,'http',2147483647),(860,'92.60.6.210',80,'http',2147483647),(861,'190.52.32.126',80,'http',2147483647),(862,'94.206.88.131',9064,'http',2147483647),(863,'103.226.138.229',8080,'http',2147483647),(864,'185.68.154.178',8080,'http',2147483647),(865,'185.54.4.198',80,'http',2147483647),(866,'191.7.194.167',8080,'http',2147483647),(867,'101.18.165.33',8088,'http',2147483647),(868,'221.227.205.156',8088,'http',2147483647),(869,'183.218.47.222',8123,'http',2147483647),(870,'39.67.53.107',8585,'http',2147483647),(871,'112.23.104.196',8118,'http',2147483647),(872,'139.226.150.186',8090,'http',2147483647),(873,'118.181.24.191',8118,'http',2147483647),(874,'180.150.191.240',8888,'http',2147483647),(875,'115.28.171.154',3128,'http',2147483647),(876,'221.223.85.33',9000,'http',2147483647),(877,'116.252.157.151',9797,'http',2147483647),(878,'112.123.99.43',8118,'http',2147483647),(879,'117.163.113.111',8123,'http',2147483647),(880,'221.182.75.40',8123,'http',2147483647),(881,'183.219.2.17',8123,'http',2147483647),(882,'183.207.229.130',86,'http',2147483647),(883,'41.205.17.81',8080,'http',2147483647),(884,'181.226.115.44',9064,'http',2147483647),(885,'169.53.7.212',3128,'http',2147483647),(886,'96.49.103.192',12033,'http',2147483647),(887,'84.201.239.107',8081,'http',2147483647),(888,'201.46.39.131',3128,'http',2147483647),(889,'95.158.139.123',3333,'http',2147483647),(890,'31.171.75.63',8118,'http',2147483647),(891,'103.25.182.1',8081,'http',2147483647),(892,'190.16.91.245',3128,'http',2147483647),(893,'95.107.162.234',8080,'http',2147483647),(894,'180.94.91.178',8080,'http',2147483647),(895,'91.73.250.36',80,'http',2147483647),(896,'103.240.180.203',8080,'http',2147483647),(897,'39.190.69.163',8123,'http',2147483647),(898,'119.145.107.187',8080,'http',2147483647),(899,'49.94.132.249',80,'http',2147483647),(900,'117.171.249.219',8123,'http',2147483647),(901,'112.111.114.251',9000,'http',2147483647),(902,'125.126.109.108',8118,'http',2147483647),(903,'219.143.158.0',8118,'http',2147483647),(904,'120.206.74.11',8123,'http',2147483647),(905,'115.63.9.246',8118,'http',2147483647),(906,'183.219.5.198',8123,'http',2147483647),(907,'182.244.219.45',18186,'http',2147483647),(908,'182.88.243.44',8088,'http',2147483647),(909,'110.230.199.244',8088,'http',2147483647),(910,'218.85.133.123',82,'http',2147483647),(911,'183.33.29.233',9797,'http',2147483647),(912,'183.220.156.180',8123,'http',2147483647),(913,'14.211.153.156',9999,'http',2147483647),(914,'218.29.31.152',8118,'http',2147483647),(915,'116.231.113.95',8090,'http',2147483647),(916,'117.165.122.36',8123,'http',2147483647),(917,'218.13.93.39',8118,'http',2147483647),(918,'58.221.59.182',3128,'http',2147483647),(919,'41.205.15.78',8080,'http',2147483647),(920,'190.208.247.30',9064,'http',2147483647),(921,'173.243.32.40',3128,'http',2147483647),(922,'189.110.65.251',9064,'http',2147483647),(923,'77.236.166.38',3128,'http',2147483647),(924,'180.234.35.132',9064,'http',2147483647),(925,'181.164.54.30',9064,'http',2147483647),(926,'185.72.156.19',3127,'http',2147483647),(927,'185.33.32.170',3128,'http',2147483647),(928,'191.33.42.255',8080,'http',2147483647),(929,'117.170.231.236',8123,'http',2147483647),(930,'58.242.249.56',17945,'http',2147483647),(931,'183.63.116.54',9797,'http',2147483647),(932,'218.9.69.2',9797,'http',2147483647),(933,'222.73.233.136',80,'http',2147483647),(934,'122.246.208.163',8118,'http',2147483647),(935,'59.41.61.100',9797,'http',2147483647),(936,'61.158.168.237',9797,'http',2147483647),(937,'183.207.228.23',84,'http',2147483647),(938,'119.60.54.81',8080,'http',2147483647),(939,'183.245.126.7',8123,'http',2147483647),(940,'59.124.241.199',8080,'http',2147483647),(941,'14.28.146.203',9999,'http',2147483647),(942,'202.119.25.69',9999,'http',2147483647),(943,'117.178.189.65',8123,'http',2147483647),(944,'180.141.215.12',9797,'http',2147483647),(945,'218.203.13.181',80,'http',2147483647),(946,'114.252.113.191',8118,'http',2147483647),(947,'14.218.177.82',9797,'http',2147483647),(948,'183.203.22.103',80,'http',2147483647),(949,'182.109.94.163',8123,'http',2147483647),(950,'202.85.211.220',21942,'http',2147483647),(951,'110.171.120.62',3128,'http',2147483647),(952,'139.226.112.144',81,'http',2147483647),(953,'218.65.132.43',8081,'http',2147483647),(954,'117.162.225.244',8123,'http',2147483647),(955,'201.186.187.16',8080,'http',2147483647),(956,'187.16.44.33',8080,'http',2147483647),(957,'103.224.185.167',8080,'http',2147483647),(958,'191.7.194.58',8080,'http',2147483647),(959,'117.178.142.139',8123,'http',2147483647),(960,'118.175.5.238',3128,'http',2147483647),(961,'113.77.206.242',9797,'http',2147483647),(962,'120.206.149.166',8123,'http',2147483647),(963,'223.84.4.11',8123,'http',2147483647),(964,'123.113.118.22',8118,'http',2147483647),(965,'218.97.196.101',80,'http',2147483647),(966,'117.163.183.165',8123,'http',2147483647),(967,'117.163.100.87',8123,'http',2147483647),(968,'178.188.2.162',3128,'http',2147483647),(969,'117.169.150.96',8123,'http',2147483647),(970,'124.202.169.94',8118,'http',2147483647),(971,'117.166.6.190',8123,'http',2147483647),(972,'14.218.216.50',9797,'http',2147483647),(973,'114.39.109.34',9064,'http',2147483647),(974,'117.164.36.101',8123,'http',2147483647),(975,'218.203.13.189',80,'http',2147483647),(976,'189.85.20.13',8080,'http',2147483647),(977,'175.182.2.14',8088,'http',2147483647),(978,'202.118.236.130',7777,'http',2147483647),(979,'203.110.169.109',8080,'http',2147483647),(980,'113.31.18.218',80,'http',2147483647),(981,'27.202.7.247',80,'http',2147483647),(982,'218.65.132.45',8081,'http',2147483647),(983,'117.149.211.222',8118,'http',2147483647),(984,'117.166.107.246',8123,'http',2147483647),(985,'120.193.146.95',843,'http',2147483647),(986,'117.146.116.74',80,'http',2147483647),(987,'117.166.232.196',8123,'http',2147483647),(988,'117.177.243.79',80,'http',2147483647),(989,'14.218.218.247',9797,'http',2147483647),(990,'183.207.226.1',84,'http',2147483647),(991,'218.207.195.206',8000,'http',2147483647),(992,'124.88.67.13',83,'http',2147483647),(993,'58.242.249.14',13374,'http',2147483647),(994,'117.170.20.14',8123,'http',2147483647),(995,'183.211.37.165',8118,'http',2147483647),(996,'117.171.225.78',8123,'http',2147483647),(997,'112.233.103.175',8118,'http',2147483647),(998,'183.57.82.74',8081,'http',2147483647),(999,'114.141.131.246',1080,'http',2147483647),(1000,'111.199.238.165',8118,'http',2147483647),(1001,'117.167.176.245',8123,'http',2147483647),(1002,'120.206.78.44',8123,'http',2147483647),(1003,'179.57.245.210',9064,'http',2147483647),(1004,'198.52.239.217',80,'http',2147483647),(1005,'177.11.71.4',8080,'http',2147483647),(1006,'84.196.172.204',80,'http',2147483647),(1007,'118.179.215.226',8080,'http',2147483647),(1008,'31.185.120.108',9064,'http',2147483647),(1009,'203.217.8.78',3128,'http',2147483647),(1010,'190.182.234.3',9064,'http',2147483647),(1011,'178.72.133.81',3128,'http',2147483647),(1012,'195.229.192.46',8080,'http',2147483647),(1013,'103.226.174.12',8080,'http',2147483647),(1014,'127.73.236.8',80,'http',2147483647),(1015,'191.7.194.68',8080,'http',2147483647),(1016,'60.174.66.182',8118,'http',2147483647),(1017,'117.164.122.184',8123,'http',2147483647),(1018,'117.168.227.125',8123,'http',2147483647),(1019,'114.221.63.80',8088,'http',2147483647),(1020,'117.171.163.111',8123,'http',2147483647),(1021,'202.119.25.72',9999,'http',2147483647),(1022,'41.79.69.8',9090,'http',2147483647),(1023,'117.164.200.15',8123,'http',2147483647),(1024,'114.252.77.79',8118,'http',2147483647),(1025,'120.206.78.129',8123,'http',2147483647),(1026,'61.230.154.30',8088,'http',2147483647),(1027,'123.121.103.167',9999,'http',2147483647),(1028,'117.165.30.40',8123,'http',2147483647),(1029,'186.67.116.139',8080,'http',2147483647),(1030,'199.38.97.105',8080,'http',2147483647),(1031,'189.89.159.122',61455,'http',2147483647),(1032,'200.87.27.187',8080,'http',2147483647),(1033,'79.132.27.36',8080,'http',2147483647),(1034,'113.11.13.100',9064,'http',2147483647),(1035,'190.52.32.43',8080,'http',2147483647),(1036,'103.42.13.246',8080,'http',2147483647),(1037,'185.34.17.157',8080,'http',2147483647),(1038,'179.61.95.225',8080,'http',2147483647),(1039,'117.167.13.63',8123,'http',2147483647),(1040,'183.207.229.17',86,'http',2147483647),(1041,'123.155.155.53',80,'http',2147483647),(1042,'117.164.35.175',8123,'http',2147483647),(1043,'61.154.214.162',8090,'http',2147483647),(1044,'114.80.246.158',60088,'http',2147483647),(1045,'124.113.31.142',8118,'http',2147483647),(1046,'113.79.60.109',9999,'http',2147483647),(1047,'49.94.140.74',80,'http',2147483647),(1048,'117.146.116.74',81,'http',2147483647),(1049,'117.86.128.61',8118,'http',2147483647),(1050,'183.166.142.87',9797,'http',2147483647),(1051,'59.36.115.54',9797,'http',2147483647),(1052,'221.7.175.242',8123,'http',2147483647),(1053,'218.203.54.30',80,'http',2147483647),(1054,'117.171.228.255',8123,'http',2147483647),(1055,'114.104.120.176',8118,'http',2147483647),(1056,'123.205.17.91',9064,'http',2147483647),(1057,'183.216.151.25',8123,'http',2147483647),(1058,'111.198.205.176',8118,'http',2147483647),(1059,'221.205.214.103',9797,'http',2147483647),(1060,'120.206.232.191',8123,'http',2147483647),(1061,'113.72.158.171',9999,'http',2147483647),(1062,'115.201.9.240',8118,'http',2147483647),(1063,'220.176.197.227',8118,'http',2147483647),(1064,'123.121.69.69',8118,'http',2147483647),(1065,'119.49.31.71',18186,'http',2147483647),(1066,'27.42.193.166',80,'http',2147483647),(1067,'113.69.17.126',9999,'http',2147483647),(1068,'36.250.74.88',8102,'http',2147483647),(1069,'124.14.6.254',9999,'http',2147483647),(1070,'110.19.156.124',8090,'http',2147483647),(1071,'117.166.203.222',8123,'http',2147483647),(1072,'198.52.225.236',80,'http',2147483647),(1073,'177.131.111.106',8080,'http',2147483647),(1074,'186.121.252.45',3128,'http',2147483647),(1075,'41.216.159.158',8080,'http',2147483647),(1076,'180.234.220.1',8080,'http',2147483647),(1077,'190.230.39.142',8080,'http',11920),(1078,'103.255.238.101',1080,'http',2147483647),(1079,'221.205.212.152',9797,'http',2147483647),(1080,'180.120.41.168',8118,'http',2147483647),(1081,'183.141.68.14',3128,'http',2147483647),(1082,'113.105.222.102',60088,'http',2147483647),(1083,'117.64.136.150',8118,'http',2147483647),(1084,'123.122.156.20',8118,'http',2147483647),(1085,'118.77.114.188',8118,'http',2147483647),(1086,'14.114.245.190',9797,'http',2147483647),(1087,'183.216.123.21',8123,'http',2147483647),(1088,'220.185.102.123',3128,'http',2147483647),(1089,'121.9.184.120',9999,'http',2147483647),(1090,'36.233.180.30',9064,'http',2147483647),(1091,'61.51.143.173',8118,'http',2147483647),(1092,'124.235.34.111',8118,'http',2147483647),(1093,'117.178.174.158',8123,'http',2147483647),(1094,'120.206.174.252',8123,'http',2147483647),(1095,'60.3.44.161',18186,'http',2147483647),(1096,'117.163.119.147',8123,'http',2147483647),(1097,'101.66.108.186',18186,'http',2147483647),(1098,'111.56.13.149',80,'http',2147483647),(1099,'222.161.166.75',8118,'http',2147483647),(1100,'113.79.59.159',9797,'http',2147483647),(1101,'183.223.166.61',8123,'http',2147483647),(1102,'221.211.137.245',8118,'http',2147483647),(1103,'110.86.41.39',8118,'http',2147483647),(1104,'117.163.20.22',8123,'http',2147483647),(1105,'183.23.64.16',9999,'http',2147483647),(1106,'114.221.39.123',8118,'http',2147483647),(1107,'61.154.205.179',8090,'http',2147483647),(1108,'58.243.97.160',8118,'http',2147483647),(1109,'117.163.191.3',8123,'http',2147483647),(1110,'202.119.25.228',9999,'http',2147483647),(1111,'115.52.122.58',8118,'http',2147483647),(1112,'198.52.236.232',80,'http',2147483647),(1113,'201.50.29.104',8080,'http',2147483647),(1114,'94.156.237.66',80,'http',2147483647),(1115,'103.255.122.240',8080,'http',2147483647),(1116,'191.40.122.254',8080,'http',2147483647),(1117,'27.42.194.105',80,'http',2147483647),(1118,'118.81.67.194',9797,'http',2147483647),(1119,'58.254.132.81',8001,'http',2147483647),(1120,'114.80.182.132',80,'http',2147483647),(1121,'220.189.97.193',3128,'http',2147483647),(1122,'117.165.45.15',8123,'http',2147483647),(1123,'49.93.3.226',80,'http',2147483647),(1124,'123.151.161.230',8080,'http',2147483647),(1125,'117.171.113.101',8123,'http',2147483647),(1126,'114.39.109.65',8088,'http',2147483647),(1127,'120.39.233.168',8118,'http',2147483647),(1128,'113.79.61.172',9999,'http',2147483647),(1129,'115.28.65.74',3128,'http',2147483647),(1130,'125.24.76.251',80,'http',2147483647),(1131,'114.107.228.31',8118,'http',2147483647),(1132,'175.16.88.71',8118,'http',2147483647),(1133,'14.218.250.134',9797,'http',2147483647),(1134,'117.79.64.86',80,'http',2147483647),(1135,'124.88.67.13',81,'http',2147483647),(1136,'117.171.227.211',8123,'http',2147483647),(1137,'117.166.241.110',8123,'http',2147483647),(1138,'223.84.248.201',8123,'http',2147483647),(1139,'1.28.249.34',8118,'http',2147483647),(1140,'112.45.188.252',8123,'http',2147483647),(1141,'221.205.213.186',9797,'http',2147483647),(1142,'221.130.135.193',8123,'http',2147483647),(1143,'183.141.77.155',3128,'http',2147483647),(1144,'181.41.217.204',8080,'http',2147483647),(1145,'192.99.100.176',60088,'http',2147483647),(1146,'189.22.51.19',3128,'http',2147483647),(1147,'210.4.74.98',8080,'http',2147483647),(1148,'190.216.224.79',8080,'http',2147483647),(1149,'103.226.227.116',3128,'http',2147483647),(1150,'185.37.226.107',18055,'http',2147483647),(1151,'181.39.32.98',3128,'http',356895),(1152,'112.111.71.121',8118,'http',2147483647),(1153,'125.58.163.5',8118,'http',2147483647),(1154,'61.165.231.169',9999,'http',2147483647),(1155,'14.115.66.177',9797,'http',2147483647),(1156,'183.223.18.254',8123,'http',2147483647),(1157,'112.44.82.207',8123,'http',2147483647),(1158,'112.74.102.157',3128,'http',2147483647),(1159,'114.42.154.59',8088,'http',2147483647),(1160,'42.227.18.197',8118,'http',2147483647),(1161,'117.167.81.80',8123,'http',2147483647),(1162,'117.88.254.232',9999,'http',2147483647),(1163,'183.141.74.239',3128,'http',2147483647),(1164,'171.124.239.16',8118,'http',2147483647),(1165,'183.211.127.80',8123,'http',2147483647),(1166,'60.163.66.6',8118,'http',2147483647),(1167,'117.166.68.107',8123,'http',2147483647),(1168,'117.171.239.117',8123,'http',2147483647),(1169,'60.4.245.42',18186,'http',2147483647),(1170,'183.219.90.87',8123,'http',2147483647),(1171,'14.218.187.189',9797,'http',2147483647),(1172,'111.196.143.227',8118,'http',2147483647),(1173,'120.206.194.73',8123,'http',46505),(1174,'60.14.176.182',8118,'http',2147483647),(1175,'58.242.249.55',13374,'http',40252),(1176,'117.168.241.11',8123,'http',2147483647),(1177,'221.219.50.222',8118,'http',7939),(1178,'218.9.233.184',8118,'http',2147483647),(1179,'181.42.194.163',9064,'http',2147483647),(1180,'99.185.0.108',3128,'http',19596),(1181,'189.69.226.208',9064,'http',2147483647),(1182,'49.0.39.226',8080,'http',2147483647),(1183,'91.75.85.44',3128,'http',19521),(1184,'103.228.81.2',8080,'http',148116),(1185,'191.7.196.174',8080,'http',2147483647);
/*!40000 ALTER TABLE `proxy` ENABLE KEYS */;
UNLOCK TABLES;
/*!40103 SET TIME_ZONE=@OLD_TIME_ZONE */;

/*!40101 SET SQL_MODE=@OLD_SQL_MODE */;
/*!40014 SET FOREIGN_KEY_CHECKS=@OLD_FOREIGN_KEY_CHECKS */;
/*!40014 SET UNIQUE_CHECKS=@OLD_UNIQUE_CHECKS */;
/*!40101 SET CHARACTER_SET_CLIENT=@OLD_CHARACTER_SET_CLIENT */;
/*!40101 SET CHARACTER_SET_RESULTS=@OLD_CHARACTER_SET_RESULTS */;
/*!40101 SET COLLATION_CONNECTION=@OLD_COLLATION_CONNECTION */;
/*!40111 SET SQL_NOTES=@OLD_SQL_NOTES */;

-- Dump completed on 2015-02-24 19:47:36
