-- MySQL dump 10.13  Distrib 5.1.73, for redhat-linux-gnu (x86_64)
--
-- Host: localhost    Database: crawler
-- ------------------------------------------------------
-- Server version	5.1.73

/*!40101 SET @OLD_CHARACTER_SET_CLIENT=@@CHARACTER_SET_CLIENT */;
/*!40101 SET @OLD_CHARACTER_SET_RESULTS=@@CHARACTER_SET_RESULTS */;
/*!40101 SET @OLD_COLLATION_CONNECTION=@@COLLATION_CONNECTION */;
/*!40101 SET NAMES utf8 */;
/*!40103 SET @OLD_TIME_ZONE=@@TIME_ZONE */;
/*!40103 SET TIME_ZONE='+00:00' */;
/*!40014 SET @OLD_UNIQUE_CHECKS=@@UNIQUE_CHECKS, UNIQUE_CHECKS=0 */;
/*!40014 SET @OLD_FOREIGN_KEY_CHECKS=@@FOREIGN_KEY_CHECKS, FOREIGN_KEY_CHECKS=0 */;
/*!40101 SET @OLD_SQL_MODE=@@SQL_MODE, SQL_MODE='NO_AUTO_VALUE_ON_ZERO' */;
/*!40111 SET @OLD_SQL_NOTES=@@SQL_NOTES, SQL_NOTES=0 */;

--
-- Table structure for table `appraise_group`
--

DROP TABLE IF EXISTS `appraise_group`;
/*!40101 SET @saved_cs_client     = @@character_set_client */;
/*!40101 SET character_set_client = utf8 */;
CREATE TABLE `appraise_group` (
  `id` int(11) NOT NULL AUTO_INCREMENT,
  `commodity_id` int(11) NOT NULL,
  `content` char(100) DEFAULT NULL,
  `positive` tinyint(1) DEFAULT NULL,
  PRIMARY KEY (`id`)
) ENGINE=InnoDB AUTO_INCREMENT=17 DEFAULT CHARSET=utf8;
/*!40101 SET character_set_client = @saved_cs_client */;

--
-- Dumping data for table `appraise_group`
--

LOCK TABLES `appraise_group` WRITE;
/*!40000 ALTER TABLE `appraise_group` DISABLE KEYS */;
INSERT INTO `appraise_group` VALUES (9,3,'面料手感不错',1),(10,3,'如实描述',1),(11,3,'无色差',1),(12,3,'态度不错',1),(13,3,'款式不错',1),(14,3,'做工细节不错',1),(15,3,'尺码不合身',0),(16,3,'发货服务差',0);
/*!40000 ALTER TABLE `appraise_group` ENABLE KEYS */;
UNLOCK TABLES;

--
-- Table structure for table `branch`
--

DROP TABLE IF EXISTS `branch`;
/*!40101 SET @saved_cs_client     = @@character_set_client */;
/*!40101 SET character_set_client = utf8 */;
CREATE TABLE `branch` (
  `id` int(11) NOT NULL AUTO_INCREMENT,
  `name` char(50) DEFAULT NULL,
  `logo` char(200) DEFAULT NULL,
  `parent_id` int(11) DEFAULT NULL,
  `first_letter` char(2) DEFAULT NULL,
  `square_logo` char(200) DEFAULT NULL,
  `slogan` char(200) DEFAULT NULL,
  `poster` char(200) DEFAULT NULL,
  PRIMARY KEY (`id`)
) ENGINE=InnoDB AUTO_INCREMENT=5 DEFAULT CHARSET=utf8;
/*!40101 SET character_set_client = @saved_cs_client */;

--
-- Dumping data for table `branch`
--

LOCK TABLES `branch` WRITE;
/*!40000 ALTER TABLE `branch` DISABLE KEYS */;
INSERT INTO `branch` VALUES (1,'马克珍妮','/var/ftp/mall/branch/logo/SgktfeqFDrllgIdjnyrU_make.png',0,'M','/var/ftp/mall/branch/logo/RcQDEaaaUWFVMcoBWFUo_test1.png','Marc&Janie 马克珍妮，一个具有欧洲时尚风范的高端儿童服装品牌。专注于0-6岁婴童服饰，为中国宝宝提供一个更安全、舒适、雅致的小天地。','/var/ftp/mall/branch/logo/BLPOaLyQvddQzgYfMhmX_cttHacsaiKLmZAejGMBG_adidas.png'),(2,'小米','/var/ftp/mall/branch/logo/XNcZwkbnyizsqmfQcrSE_make1.png',0,'X','/var/ftp/mall/branch/logo/uwvNtxVXSNOxqkVlZwWD_test2.png','小米，为发烧而生',NULL),(3,'华为','/var/ftp/mall/branch/logo/QbzQmEmfnEuOezrVfqah_make2.png',0,'H','/var/ftp/mall/branch/logo/JTUNutZiGJtJJumTpZnC_test3.png','',NULL),(4,'bobo','/var/ftp/mall/branch/logo/wIHHWCubScixrqkrOzqt_TB1utHrFFXXXXXmaFXXSutbFXXX.jpg_q90.jpg',0,'b','/var/ftp/mall/branch/logo/rjqTBQniRkGesgthdzPy_TB1utHrFFXXXXXmaFXXSutbFXXX.jpg_q90.jpg','源自香港',NULL);
/*!40000 ALTER TABLE `branch` ENABLE KEYS */;
UNLOCK TABLES;

--
-- Table structure for table `category`
--

DROP TABLE IF EXISTS `category`;
/*!40101 SET @saved_cs_client     = @@character_set_client */;
/*!40101 SET character_set_client = utf8 */;
CREATE TABLE `category` (
  `id` int(11) NOT NULL AUTO_INCREMENT,
  `name` char(50) NOT NULL,
  `parent_id` int(11) DEFAULT NULL,
  PRIMARY KEY (`id`)
) ENGINE=InnoDB AUTO_INCREMENT=15 DEFAULT CHARSET=utf8;
/*!40101 SET character_set_client = @saved_cs_client */;

--
-- Dumping data for table `category`
--

LOCK TABLES `category` WRITE;
/*!40000 ALTER TABLE `category` DISABLE KEYS */;
INSERT INTO `category` VALUES (1,'女人',0),(2,'男人',0),(3,'女士钱包',1),(4,'小孩',0),(5,'数码',0),(6,'家电',0),(7,'居家',0),(8,'双肩包',1),(9,'单肩包',1),(10,'连衣裙',1),(11,'手机',5),(12,'电脑',5),(13,'男童装',4),(14,'女童装',4);
/*!40000 ALTER TABLE `category` ENABLE KEYS */;
UNLOCK TABLES;

--
-- Table structure for table `commodity`
--

DROP TABLE IF EXISTS `commodity`;
/*!40101 SET @saved_cs_client     = @@character_set_client */;
/*!40101 SET character_set_client = utf8 */;
CREATE TABLE `commodity` (
  `id` bigint(20) NOT NULL AUTO_INCREMENT,
  `name` char(100) NOT NULL,
  `url` char(200) DEFAULT NULL,
  `price` double DEFAULT NULL,
  `low_price` double DEFAULT NULL,
  `original_price` double DEFAULT NULL,
  `branch_id` int(11) DEFAULT NULL,
  `category_id` int(11) DEFAULT NULL,
  `on_shelf_time` datetime DEFAULT NULL,
  `active` tinyint(1) DEFAULT '1',
  `buy_url` char(200) DEFAULT NULL,
  `serial_number` char(50) DEFAULT NULL,
  `show_id` char(50) DEFAULT NULL,
  `parameters` varchar(5000) DEFAULT NULL,
  `user_id` int(11) DEFAULT NULL,
  `sales` int(11) DEFAULT '0',
  PRIMARY KEY (`id`),
  UNIQUE KEY `serial_number` (`serial_number`),
  UNIQUE KEY `show_id` (`show_id`)
) ENGINE=InnoDB AUTO_INCREMENT=15 DEFAULT CHARSET=utf8;
/*!40101 SET character_set_client = @saved_cs_client */;

--
-- Dumping data for table `commodity`
--

LOCK TABLES `commodity` WRITE;
/*!40000 ALTER TABLE `commodity` DISABLE KEYS */;
INSERT INTO `commodity` VALUES (3,'马克珍妮2015春秋装宝宝迷彩夹克 儿童开衫外套1-5岁男童装15075','http://s.etao.com/detail/40780735321.html',NULL,NULL,NULL,1,13,'2014-08-29 00:00:00',1,'http://detail.tmall.com/item.htm?id=40780735321','940922643157','40780735321','品牌: Marc＆Janie\n货号: 15075\n适用性别: 男\n颜色分类: 迷彩\n参考身高: 18M 时尚卡通迷彩设计 24M 高档进口面料 3T 手感温和舒适 4T 内里采用95%弹性棉 5T 更加细腻柔软\n模特实拍: 实拍无模特\n是否带帽子: 有帽不可拆\n衣门襟: 拉链衫\n领型: 其他\n面料: 其他\n适用季节: 春秋\n风格: 欧美\n图案: 其他\n厚薄: 常规',1,8),(4,'直降200元 MIUI/小米 红米Note 4G增强版联通 5.5英寸大屏幕0元购','http://s.etao.com/detail/43756398361.html',NULL,NULL,NULL,2,11,'2015-02-03 00:00:00',0,'http://detail.tmall.com/item.htm?id=43756398361','797571610984','43756398361','产品名称：MIUI/小米 红米Note 4G增强版\n型号: 红米Note 4G增强版\n机身颜色: 象牙白\n运行内存RAM: 2GB\n机身内存: 8GB\n网络模式: 单卡双模\n电池容量: 3100mAh',1,0),(5,'现货 立发 Huawei/华为 H30-C00 荣耀3C 合约送费 顺丰包邮','http://s.etao.com/detail/40470217269.html',NULL,NULL,NULL,3,3,'2014-08-29 00:00:00',0,'http://detail.tmall.com/item.htm?id=40470217269','521989720369','40470217269','产品名称：Huawei/华为 H30-C00华为\n型号: H30-C00\n机身颜色: 前黑后白 黑色\n运行内存RAM: 1GB\n机身内存: 4GB\n网络模式: 双卡双模\n电池容量: 2000mAh',1,0),(8,'bobo乐儿宝PPSU奶瓶宽口径婴儿奶瓶带吸管手柄宝宝奶瓶防胀气奶瓶','http://s.etao.com/detail/18450333266.html',NULL,NULL,NULL,4,2,'2014-09-07 00:00:00',1,'http://detail.tmall.com/item.htm?id=18450333266','687170608856','18450333266','',1,9),(9,'正品特价 悟空2015春夏季平沿棒球帽 男士女嘻哈棒球帽网帽韩版潮','http://s.etao.com/detail/39220155359.html',NULL,NULL,NULL,1,2,'2014-09-07 00:00:00',1,'http://detail.tmall.com/item.htm?id=39220155359','034289577903','39220155359','',2,8),(10,'【口口福-奶油夏威夷果250g】坚果零食炒货干果 送开口器年货','http://s.etao.com/detail/14722016732.html',NULL,NULL,NULL,1,2,'2014-09-07 00:00:00',1,'http://detail.tmall.com/item.htm?id=14722016732','334984438539','14722016732','',2,9),(11,'兰亭集势宜家田园乡村风babylon巴比伦吊灯创意盆栽花盘植物吊灯','http://s.etao.com/detail/38303418419.html',NULL,NULL,NULL,4,2,'2014-09-07 00:00:00',1,'http://detail.tmall.com/item.htm?id=38303418419','385344716881','38303418419','',2,2),(12,'LED护眼台灯 学生学习工作写字折叠床头灯 美式长臂夹子 顺丰包邮','http://s.etao.com/detail/41793764949.html',NULL,NULL,NULL,2,12,'2014-10-19 00:00:00',1,'http://detail.tmall.com/item.htm?id=41793764949','091075701335','41793764949','',2,3),(13,'兔耳朵韩国官网代购milkcocoa宽松七分袖口皮带扣针织衫毛衣女4色','http://s.etao.com/detail/43852952884.html',NULL,NULL,NULL,2,2,'2015-02-08 00:00:00',1,'http://detail.tmall.com/item.htm?id=43852952884','751065432998','43852952884','',2,4),(14,'尖嘴弯管浇水壶 多肉必备 植物细腻浇水 防止叶面受损 zakka 杂货','http://s.etao.com/detail/22106871811.html',NULL,NULL,NULL,3,8,'2014-09-07 00:00:00',1,'http://detail.tmall.com/item.htm?id=22106871811','130332316462','22106871811','',2,8);
/*!40000 ALTER TABLE `commodity` ENABLE KEYS */;
UNLOCK TABLES;

--
-- Table structure for table `commodity_picture`
--

DROP TABLE IF EXISTS `commodity_picture`;
/*!40101 SET @saved_cs_client     = @@character_set_client */;
/*!40101 SET character_set_client = utf8 */;
CREATE TABLE `commodity_picture` (
  `id` bigint(20) NOT NULL AUTO_INCREMENT,
  `commodity_id` bigint(20) NOT NULL,
  `url` varchar(500) NOT NULL,
  `detail` tinyint(1) DEFAULT '0',
  PRIMARY KEY (`id`)
) ENGINE=InnoDB AUTO_INCREMENT=394 DEFAULT CHARSET=utf8;
/*!40101 SET character_set_client = @saved_cs_client */;

--
-- Dumping data for table `commodity_picture`
--

LOCK TABLES `commodity_picture` WRITE;
/*!40000 ALTER TABLE `commodity_picture` DISABLE KEYS */;
INSERT INTO `commodity_picture` VALUES (1,1,'/var/ftp/img04.taobaocdn.com/bao/uploaded/i1/TB1aUBgGXXXXXX7XVXXXXXXXXXX_!!0-item_pic.jpg',0),(2,1,'/var/ftp/img03.taobaocdn.com/bao/uploaded/i4/479940663/TB2mjoCaXXXXXaVXXXXXXXXXXXX-479940663.jpg',0),(3,1,'/var/ftp/img04.taobaocdn.com/bao/uploaded/i2/479940663/TB2ps3zaXXXXXcOXXXXXXXXXXXX-479940663.jpg',0),(4,1,'/var/ftp/img05.taobaocdn.com/bao/uploaded/i2/479940663/TB2.uTcaFXXXXaBXXXXXXXXXXXX_!!479940663.jpg',0),(5,1,'/var/ftp/img04.taobaocdn.com/bao/uploaded/i4/479940663/TB2gegzaXXXXXbCXpXXXXXXXXXX-479940663.jpg',0),(6,2,'/var/ftp/img05.taobaocdn.com/bao/uploaded/TB1rUx0GVXXXXcyXpXXSutbFXXX',0),(55,6,'/var/ftp/img01.taobaocdn.com/bao/uploaded/i1/TB1aUBgGXXXXXX7XVXXXXXXXXXX_!!0-item_pic.jpg',0),(56,6,'/var/ftp/img03.taobaocdn.com/bao/uploaded/i4/479940663/TB2mjoCaXXXXXaVXXXXXXXXXXXX-479940663.jpg',0),(57,6,'/var/ftp/img06.taobaocdn.com/bao/uploaded/i2/479940663/TB2ps3zaXXXXXcOXXXXXXXXXXXX-479940663.jpg',0),(58,6,'/var/ftp/img02.taobaocdn.com/bao/uploaded/i2/479940663/TB2.uTcaFXXXXaBXXXXXXXXXXXX_!!479940663.jpg',0),(59,6,'/var/ftp/img04.taobaocdn.com/bao/uploaded/i4/479940663/TB2gegzaXXXXXbCXpXXXXXXXXXX-479940663.jpg',0),(60,6,'/var/ftp/img02.taobaocdn.com/imgextra/i2/479940663/TB2mJEvaFXXXXbSXpXXXXXXXXXX_!!479940663.jpg',1),(61,6,'/var/ftp/img03.taobaocdn.com/imgextra/i3/479940663/TB2S7DpaFXXXXbxXXXXXXXXXXXX_!!479940663.jpg',1),(62,6,'/var/ftp/img01.taobaocdn.com/imgextra/i1/479940663/TB25BZzaXXXXXcTXXXXXXXXXXXX-479940663.jpg',1),(63,6,'/var/ftp/img04.taobaocdn.com/imgextra/i4/479940663/TB2Y7.DaXXXXXafXXXXXXXXXXXX-479940663.jpg',1),(64,6,'/var/ftp/img02.taobaocdn.com/imgextra/i2/479940663/TB2RTUBaXXXXXcAXXXXXXXXXXXX-479940663.jpg',1),(65,6,'/var/ftp/img04.taobaocdn.com/imgextra/i4/479940663/TB2w9ndaFXXXXXEXXXXXXXXXXXX_!!479940663.jpg',1),(66,6,'/var/ftp/img04.taobaocdn.com/imgextra/i4/479940663/TB2M.O8aFXXXXXtXpXXXXXXXXXX_!!479940663.jpg',1),(67,6,'/var/ftp/img04.taobaocdn.com/imgextra/i4/479940663/TB2qRa_aFXXXXctXXXXXXXXXXXX_!!479940663.jpg',1),(68,6,'/var/ftp/img03.taobaocdn.com/imgextra/i3/479940663/TB2DqndaFXXXXX7XXXXXXXXXXXX_!!479940663.jpg',1),(69,6,'/var/ftp/img04.taobaocdn.com/imgextra/i4/479940663/TB23L_XaFXXXXbwXXXXXXXXXXXX_!!479940663.jpg',1),(70,6,'/var/ftp/img01.taobaocdn.com/imgextra/i1/479940663/TB2dslzapXXXXcvXXXXXXXXXXXX_!!479940663.jpg',1),(71,6,'/var/ftp/img04.taobaocdn.com/imgextra/i4/479940663/TB2WjBzapXXXXcpXXXXXXXXXXXX_!!479940663.jpg',1),(72,6,'/var/ftp/img01.taobaocdn.com/imgextra/i1/479940663/TB2Y6UFaFXXXXXZXXXXXXXXXXXX_!!479940663.jpg',1),(73,6,'/var/ftp/img02.taobaocdn.com/imgextra/i2/479940663/TB2p4zXaFXXXXbHXXXXXXXXXXXX_!!479940663.jpg',1),(74,6,'/var/ftp/img03.taobaocdn.com/imgextra/i3/479940663/TB2mpa9aFXXXXXyXpXXXXXXXXXX_!!479940663.jpg',1),(75,6,'/var/ftp/img01.taobaocdn.com/imgextra/i1/479940663/TB2UPLdaFXXXXXQXXXXXXXXXXXX_!!479940663.jpg',1),(76,6,'/var/ftp/img01.taobaocdn.com/imgextra/i1/479940663/TB2cxi7aFXXXXagXpXXXXXXXXXX_!!479940663.jpg',1),(77,6,'/var/ftp/img02.taobaocdn.com/imgextra/i2/479940663/TB21PjdaFXXXXXNXXXXXXXXXXXX_!!479940663.jpg',1),(78,6,'/var/ftp/img03.taobaocdn.com/imgextra/i3/479940663/TB2eYrPXVXXXXXpXpXXXXXXXXXX-479940663.jpg',1),(79,6,'/var/ftp/img03.taobaocdn.com/imgextra/i3/479940663/TB2_znJbFXXXXc4XXXXXXXXXXXX_!!479940663.jpg',1),(80,7,'/var/ftp/img01.taobaocdn.com/bao/uploaded/i1/TB1aUBgGXXXXXX7XVXXXXXXXXXX_!!0-item_pic.jpg',0),(81,7,'/var/ftp/img03.taobaocdn.com/bao/uploaded/i4/479940663/TB2mjoCaXXXXXaVXXXXXXXXXXXX-479940663.jpg',0),(82,7,'/var/ftp/img06.taobaocdn.com/bao/uploaded/i2/479940663/TB2ps3zaXXXXXcOXXXXXXXXXXXX-479940663.jpg',0),(83,7,'/var/ftp/img02.taobaocdn.com/bao/uploaded/i2/479940663/TB2.uTcaFXXXXaBXXXXXXXXXXXX_!!479940663.jpg',0),(84,7,'/var/ftp/img04.taobaocdn.com/bao/uploaded/i4/479940663/TB2gegzaXXXXXbCXpXXXXXXXXXX-479940663.jpg',0),(85,7,'/var/ftp/img02.taobaocdn.com/imgextra/i2/479940663/TB2mJEvaFXXXXbSXpXXXXXXXXXX_!!479940663.jpg',1),(86,7,'/var/ftp/img03.taobaocdn.com/imgextra/i3/479940663/TB2S7DpaFXXXXbxXXXXXXXXXXXX_!!479940663.jpg',1),(87,7,'/var/ftp/img01.taobaocdn.com/imgextra/i1/479940663/TB25BZzaXXXXXcTXXXXXXXXXXXX-479940663.jpg',1),(88,7,'/var/ftp/img04.taobaocdn.com/imgextra/i4/479940663/TB2Y7.DaXXXXXafXXXXXXXXXXXX-479940663.jpg',1),(89,7,'/var/ftp/img02.taobaocdn.com/imgextra/i2/479940663/TB2RTUBaXXXXXcAXXXXXXXXXXXX-479940663.jpg',1),(90,7,'/var/ftp/img04.taobaocdn.com/imgextra/i4/479940663/TB2w9ndaFXXXXXEXXXXXXXXXXXX_!!479940663.jpg',1),(91,7,'/var/ftp/img04.taobaocdn.com/imgextra/i4/479940663/TB2M.O8aFXXXXXtXpXXXXXXXXXX_!!479940663.jpg',1),(92,7,'/var/ftp/img04.taobaocdn.com/imgextra/i4/479940663/TB2qRa_aFXXXXctXXXXXXXXXXXX_!!479940663.jpg',1),(93,7,'/var/ftp/img03.taobaocdn.com/imgextra/i3/479940663/TB2DqndaFXXXXX7XXXXXXXXXXXX_!!479940663.jpg',1),(94,7,'/var/ftp/img04.taobaocdn.com/imgextra/i4/479940663/TB23L_XaFXXXXbwXXXXXXXXXXXX_!!479940663.jpg',1),(95,7,'/var/ftp/img01.taobaocdn.com/imgextra/i1/479940663/TB2dslzapXXXXcvXXXXXXXXXXXX_!!479940663.jpg',1),(96,7,'/var/ftp/img04.taobaocdn.com/imgextra/i4/479940663/TB2WjBzapXXXXcpXXXXXXXXXXXX_!!479940663.jpg',1),(97,7,'/var/ftp/img03.taobaocdn.com/imgextra/i3/479940663/TB2eYrPXVXXXXXpXpXXXXXXXXXX-479940663.jpg',1),(98,7,'/var/ftp/img03.taobaocdn.com/imgextra/i3/479940663/TB2_znJbFXXXXc4XXXXXXXXXXXX_!!479940663.jpg',1),(99,3,'/var/ftp/img04.taobaocdn.com/bao/uploaded/i1/TB1aUBgGXXXXXX7XVXXXXXXXXXX_!!0-item_pic.jpg',0),(100,3,'/var/ftp/img03.taobaocdn.com/bao/uploaded/i4/479940663/TB2mjoCaXXXXXaVXXXXXXXXXXXX-479940663.jpg',0),(101,3,'/var/ftp/img05.taobaocdn.com/bao/uploaded/i2/479940663/TB2ps3zaXXXXXcOXXXXXXXXXXXX-479940663.jpg',0),(102,3,'/var/ftp/img06.taobaocdn.com/bao/uploaded/i2/479940663/TB2.uTcaFXXXXaBXXXXXXXXXXXX_!!479940663.jpg',0),(103,3,'/var/ftp/img06.taobaocdn.com/bao/uploaded/i4/479940663/TB2gegzaXXXXXbCXpXXXXXXXXXX-479940663.jpg',0),(104,3,'/var/ftp/img02.taobaocdn.com/imgextra/i2/479940663/TB2mJEvaFXXXXbSXpXXXXXXXXXX_!!479940663.jpg',1),(105,3,'/var/ftp/img03.taobaocdn.com/imgextra/i3/479940663/TB2S7DpaFXXXXbxXXXXXXXXXXXX_!!479940663.jpg',1),(106,3,'/var/ftp/img01.taobaocdn.com/imgextra/i1/479940663/TB25BZzaXXXXXcTXXXXXXXXXXXX-479940663.jpg',1),(107,3,'/var/ftp/img04.taobaocdn.com/imgextra/i4/479940663/TB2Y7.DaXXXXXafXXXXXXXXXXXX-479940663.jpg',1),(108,3,'/var/ftp/img02.taobaocdn.com/imgextra/i2/479940663/TB2RTUBaXXXXXcAXXXXXXXXXXXX-479940663.jpg',1),(109,3,'/var/ftp/img04.taobaocdn.com/imgextra/i4/479940663/TB2w9ndaFXXXXXEXXXXXXXXXXXX_!!479940663.jpg',1),(110,3,'/var/ftp/img04.taobaocdn.com/imgextra/i4/479940663/TB2M.O8aFXXXXXtXpXXXXXXXXXX_!!479940663.jpg',1),(111,3,'/var/ftp/img04.taobaocdn.com/imgextra/i4/479940663/TB2qRa_aFXXXXctXXXXXXXXXXXX_!!479940663.jpg',1),(112,3,'/var/ftp/img03.taobaocdn.com/imgextra/i3/479940663/TB2DqndaFXXXXX7XXXXXXXXXXXX_!!479940663.jpg',1),(113,3,'/var/ftp/img04.taobaocdn.com/imgextra/i4/479940663/TB23L_XaFXXXXbwXXXXXXXXXXXX_!!479940663.jpg',1),(114,3,'/var/ftp/img01.taobaocdn.com/imgextra/i1/479940663/TB2dslzapXXXXcvXXXXXXXXXXXX_!!479940663.jpg',1),(115,3,'/var/ftp/img04.taobaocdn.com/imgextra/i4/479940663/TB2WjBzapXXXXcpXXXXXXXXXXXX_!!479940663.jpg',1),(116,3,'/var/ftp/img01.taobaocdn.com/imgextra/i1/479940663/TB2Y6UFaFXXXXXZXXXXXXXXXXXX_!!479940663.jpg',1),(117,3,'/var/ftp/img02.taobaocdn.com/imgextra/i2/479940663/TB2p4zXaFXXXXbHXXXXXXXXXXXX_!!479940663.jpg',1),(118,3,'/var/ftp/img03.taobaocdn.com/imgextra/i3/479940663/TB2mpa9aFXXXXXyXpXXXXXXXXXX_!!479940663.jpg',1),(119,3,'/var/ftp/img01.taobaocdn.com/imgextra/i1/479940663/TB2UPLdaFXXXXXQXXXXXXXXXXXX_!!479940663.jpg',1),(120,3,'/var/ftp/img01.taobaocdn.com/imgextra/i1/479940663/TB2cxi7aFXXXXagXpXXXXXXXXXX_!!479940663.jpg',1),(121,3,'/var/ftp/img02.taobaocdn.com/imgextra/i2/479940663/TB21PjdaFXXXXXNXXXXXXXXXXXX_!!479940663.jpg',1),(122,3,'/var/ftp/img03.taobaocdn.com/imgextra/i3/479940663/TB2eYrPXVXXXXXpXpXXXXXXXXXX-479940663.jpg',1),(123,3,'/var/ftp/img03.taobaocdn.com/imgextra/i3/479940663/TB2_znJbFXXXXc4XXXXXXXXXXXX_!!479940663.jpg',1),(124,4,'/var/ftp/img03.taobaocdn.com/bao/uploaded/i1/TB1970kHXXXXXbHXVXXXXXXXXXX_!!0-item_pic.jpg',0),(125,4,'/var/ftp/img06.taobaocdn.com/bao/uploaded/i3/747143122/TB29PYHXXXXXXa.XFXXXXXXXXXX-747143122.jpg',0),(126,4,'/var/ftp/img05.taobaocdn.com/imgextra/i1/747143122/T2jSt0XD8aXXXXXXXX-747143122.jpg',0),(127,4,'/var/ftp/img02.taobaocdn.com/bao/uploaded/i2/747143122/TB2J8vbXpXXXXbVXpXXXXXXXXXX-747143122.jpg',0),(128,4,'/var/ftp/img02.taobaocdn.com/imgextra/i2/747143122/TB2xfuzbFXXXXXBXpXXXXXXXXXX_!!747143122.png',1),(129,4,'/var/ftp/img04.taobaocdn.com/imgextra/i4/747143122/TB2Y.knXXXXXXc1XFXXXXXXXXXX_!!747143122.png',1),(130,4,'/var/ftp/img02.taobaocdn.com/imgextra/i2/747143122/TB2LExEbVXXXXbDXXXXXXXXXXXX_!!747143122.jpg?t=1423191368000',1),(131,4,'/var/ftp/img03.taobaocdn.com/imgextra/i3/747143122/TB2iJP7bXXXXXXvXpXXXXXXXXXX_!!747143122.png',1),(132,4,'/var/ftp/img01.taobaocdn.com/imgextra/i1/747143122/TB2tERJbXXXXXa6XXXXXXXXXXXX_!!747143122.png',1),(133,4,'/var/ftp/img04.taobaocdn.com/imgextra/i4/747143122/TB27uXMaVXXXXX9XXXXXXXXXXXX_!!747143122.png',1),(134,4,'/var/ftp/img01.taobaocdn.com/imgextra/i1/747143122/TB2YsqCbXXXXXckXXXXXXXXXXXX_!!747143122.jpg',1),(135,4,'/var/ftp/img01.taobaocdn.com/imgextra/i1/747143122/TB2J_CCbXXXXXb6XXXXXXXXXXXX_!!747143122.jpg',1),(136,4,'/var/ftp/img03.taobaocdn.com/imgextra/i3/747143122/TB27LzPbXXXXXcJXXXXXXXXXXXX_!!747143122.png',1),(137,4,'/var/ftp/img02.taobaocdn.com/imgextra/i2/747143122/TB2.YSAbXXXXXcVXXXXXXXXXXXX_!!747143122.jpg',1),(138,4,'/var/ftp/img02.taobaocdn.com/imgextra/i2/747143122/TB2RGKzbXXXXXXoXpXXXXXXXXXX_!!747143122.jpg',1),(139,4,'/var/ftp/img03.taobaocdn.com/imgextra/i3/747143122/TB2IBHObXXXXXXBXpXXXXXXXXXX_!!747143122.png',1),(147,5,'/var/ftp/img03.taobaocdn.com/bao/uploaded/i1/TB1gJY2GVXXXXXWXpXXXXXXXXXX_!!0-item_pic.jpg',0),(148,5,'/var/ftp/img03.taobaocdn.com/bao/uploaded/i1/827944125/TB22KupaXXXXXadXXXXXXXXXXXX_!!827944125.jpg',0),(149,5,'/var/ftp/img06.taobaocdn.com/bao/uploaded/i3/827944125/TB25JGiaXXXXXX4XpXXXXXXXXXX_!!827944125.jpg',0),(150,5,'/var/ftp/img04.taobaocdn.com/bao/uploaded/i2/827944125/TB2t51oaXXXXXaXXXXXXXXXXXXX_!!827944125.jpg',0),(151,5,'/var/ftp/img04.taobaocdn.com/imgextra/i4/827944125/TB2PGWgaXXXXXaVXpXXXXXXXXXX-827944125.jpg',1),(152,5,'/var/ftp/img04.taobaocdn.com/imgextra/i4/827944125/TB2BXepaXXXXXazXXXXXXXXXXXX-827944125.jpg',1),(184,9,'/var/ftp/img03.taobaocdn.com/bao/uploaded/i4/TB1CFrPGVXXXXaIXVXXXXXXXXXX_!!0-item_pic.jpg',0),(185,9,'/var/ftp/img04.taobaocdn.com/bao/uploaded/i4/331818792/TB2ogqfXVXXXXbWXXXXXXXXXXXX_!!331818792.jpg',0),(186,9,'/var/ftp/img02.taobaocdn.com/imgextra/i4/331818792/T2WzaAXp4bXXXXXXXX_!!331818792.jpg',0),(187,9,'/var/ftp/img04.taobaocdn.com/imgextra/i2/331818792/T2As4XXXxPXXXXXXXX_!!331818792.jpg',0),(188,9,'/var/ftp/img02.taobaocdn.com/imgextra/i4/331818792/T2aVugXVpaXXXXXXXX_!!331818792.jpg',0),(189,9,'/var/ftp/img04.taobaocdn.com/imgextra/i4/T2s4moXH8XXXXXXXXX-350475995.png?p=hbtuiguang_328642_start_top_1',1),(190,9,'/var/ftp/img03.taobaocdn.com/imgextra/i3/331818792/TB2Qg6MbFXXXXbeXXXXXXXXXXXX_!!331818792.jpg?v=1421982299806',1),(191,9,'/var/ftp/img04.taobaocdn.com/imgextra/i4/T2s4moXH8XXXXXXXXX-350475995.png?p=hbtuiguang_328642_end_top_1',1),(192,9,'/var/ftp/img04.taobaocdn.com/imgextra/i4/T2s4moXH8XXXXXXXXX-350475995.png?p=hbtuiguang_253772_start_top_1',1),(193,9,'/var/ftp/img03.taobaocdn.com/imgextra/i3/331818792/TB2aSRaaVXXXXbWXpXXXXXXXXXX-331818792.jpg',1),(194,9,'/var/ftp/img04.taobaocdn.com/imgextra/i4/T2s4moXH8XXXXXXXXX-350475995.png?p=hbtuiguang_253772_end_top_1',1),(195,9,'/var/ftp/img04.taobaocdn.com/imgextra/i4/T2s4moXH8XXXXXXXXX-350475995.png?p=hbtuiguang_161624_start_top_1',1),(196,9,'/var/ftp/img04.taobaocdn.com/imgextra/i4/331818792/T2PBUsXKVXXXXXXXXX_!!331818792.jpg',1),(197,9,'/var/ftp/img04.taobaocdn.com/imgextra/i4/T2s4moXH8XXXXXXXXX-350475995.png?p=hbtuiguang_161624_end_top_1',1),(198,9,'/var/ftp/img03.taobaocdn.com/imgextra/i3/331818792/T2bfzfXMhXXXXXXXXX_!!331818792.jpg',1),(199,9,'/var/ftp/img02.taobaocdn.com/imgextra/i2/331818792/TB22nU4XXXXXXblXFXXXXXXXXXX_!!331818792.jpg',1),(200,9,'/var/ftp/img04.taobaocdn.com/imgextra/i4/331818792/TB2MnDNXXXXXXaeXFXXXXXXXXXX_!!331818792.jpg',1),(201,9,'/var/ftp/img02.taobaocdn.com/imgextra/i2/331818792/T2V.agXitaXXXXXXXX_!!331818792.jpg',1),(202,9,'/var/ftp/img02.taobaocdn.com/imgextra/i2/331818792/T2MpqxXqtaXXXXXXXX_!!331818792.jpg',1),(203,9,'/var/ftp/img04.taobaocdn.com/imgextra/i4/331818792/T2.2VfXzhXXXXXXXXX_!!331818792.jpg',1),(204,9,'/var/ftp/img.taobaocdn.com/imgextra/imgextra/i1/331818792/T2zCcHXlBXXXXXXXXX_!!331818792.jpg',1),(205,9,'/var/ftp/img03.taobaocdn.com/imgextra/i3/331818792/T2pr_lXblaXXXXXXXX_!!331818792.jpg',1),(206,9,'/var/ftp/img04.taobaocdn.com/imgextra/i4/331818792/T2e2P1XclbXXXXXXXX_!!331818792.jpg',1),(249,12,'/var/ftp/img02.taobaocdn.com/bao/uploaded/i2/TB1jqz2HXXXXXcxXpXXXXXXXXXX_!!0-item_pic.jpg',0),(250,12,'/var/ftp/img05.taobaocdn.com/bao/uploaded/i3/196066642/TB2oFg8bFXXXXbZXpXXXXXXXXXX_!!196066642.jpg',0),(251,12,'/var/ftp/img03.taobaocdn.com/bao/uploaded/i3/196066642/TB2BGw5bFXXXXcyXpXXXXXXXXXX_!!196066642.jpg',0),(252,12,'/var/ftp/img03.taobaocdn.com/bao/uploaded/i1/196066642/TB2etVfbVXXXXbXXXXXXXXXXXXX_!!196066642.jpg',0),(253,12,'/var/ftp/img01.taobaocdn.com/bao/uploaded/i2/196066642/TB2ozQ7bFXXXXbGXpXXXXXXXXXX_!!196066642.jpg',0),(254,12,'/var/ftp/img02.taobaocdn.com/imgextra/i2/196066642/TB2jtbZbVXXXXazXXXXXXXXXXXX-196066642.jpg',1),(255,12,'/var/ftp/img01.taobaocdn.com/imgextra/i1/196066642/TB2CnHJbVXXXXbBXpXXXXXXXXXX-196066642.jpg',1),(256,12,'/var/ftp/img01.taobaocdn.com/imgextra/i1/196066642/TB27uLMbVXXXXcIXpXXXXXXXXXX-196066642.jpg',1),(257,12,'/var/ftp/img02.taobaocdn.com/imgextra/i2/196066642/TB2egvRbVXXXXaNXpXXXXXXXXXX-196066642.jpg',1),(258,12,'/var/ftp/img03.taobaocdn.com/imgextra/i3/196066642/TB2aubWbVXXXXbFXXXXXXXXXXXX-196066642.jpg',1),(259,12,'/var/ftp/img01.taobaocdn.com/imgextra/i1/196066642/TB2zR_1bVXXXXXkXXXXXXXXXXXX-196066642.jpg',1),(260,12,'/var/ftp/img02.taobaocdn.com/imgextra/i2/196066642/TB2g2LNbVXXXXbZXpXXXXXXXXXX-196066642.jpg',1),(261,12,'/var/ftp/img03.taobaocdn.com/imgextra/i3/196066642/TB2PUPObVXXXXaWXpXXXXXXXXXX-196066642.jpg',1),(262,12,'/var/ftp/img01.taobaocdn.com/imgextra/i1/196066642/TB2NMjObVXXXXbwXpXXXXXXXXXX-196066642.jpg',1),(263,12,'/var/ftp/img04.taobaocdn.com/imgextra/i4/196066642/TB2DsvUbVXXXXcIXXXXXXXXXXXX-196066642.jpg',1),(264,12,'/var/ftp/img02.taobaocdn.com/imgextra/i2/196066642/TB2jnv1bVXXXXXhXXXXXXXXXXXX-196066642.jpg',1),(265,12,'/var/ftp/img04.taobaocdn.com/imgextra/i4/196066642/TB2M66ZbVXXXXaIXXXXXXXXXXXX-196066642.jpg',1),(266,12,'/var/ftp/img03.taobaocdn.com/imgextra/i3/196066642/TB2BJ21bVXXXXXDXXXXXXXXXXXX-196066642.jpg',1),(267,12,'/var/ftp/img01.taobaocdn.com/imgextra/i1/196066642/TB2KjnVbVXXXXbVXXXXXXXXXXXX-196066642.jpg',1),(268,12,'/var/ftp/img02.taobaocdn.com/imgextra/i2/196066642/TB2RbTVbVXXXXb6XXXXXXXXXXXX-196066642.jpg',1),(269,12,'/var/ftp/img04.taobaocdn.com/imgextra/i4/196066642/TB22y_SbVXXXXX3XpXXXXXXXXXX-196066642.jpg',1),(270,12,'/var/ftp/img03.taobaocdn.com/imgextra/i3/196066642/TB2UTr1bVXXXXXaXXXXXXXXXXXX-196066642.jpg',1),(271,12,'/var/ftp/img01.taobaocdn.com/imgextra/i1/196066642/TB29OT1bVXXXXXsXXXXXXXXXXXX-196066642.jpg',1),(272,12,'/var/ftp/img01.taobaocdn.com/imgextra/i1/196066642/TB2_YTLbVXXXXc3XpXXXXXXXXXX-196066642.jpg',1),(273,12,'/var/ftp/img04.taobaocdn.com/imgextra/i4/196066642/TB2RGLQbVXXXXaVXpXXXXXXXXXX-196066642.jpg',1),(274,12,'/var/ftp/img04.taobaocdn.com/imgextra/i4/196066642/TB299DObVXXXXbrXpXXXXXXXXXX_!!196066642.gif',1),(359,14,'/var/ftp/img04.taobaocdn.com/bao/uploaded/i4/18844041078524335/T1w3DmFkBbXXXXXXXX_!!0-item_pic.jpg',0),(360,14,'/var/ftp/img04.taobaocdn.com/imgextra/i4/154688844/T2T5JyXxNXXXXXXXXX_!!154688844.jpg',1),(361,13,'/var/ftp/img02.taobaocdn.com/bao/uploaded/i2/TB1h5UkHXXXXXXBaFXXXXXXXXXX_!!0-item_pic.jpg',0),(362,13,'/var/ftp/img05.taobaocdn.com/bao/uploaded/i4/898980984/TB2ASNQbVXXXXbRXXXXXXXXXXXX_!!898980984.jpg',0),(363,13,'/var/ftp/img03.taobaocdn.com/bao/uploaded/i4/898980984/TB2O2lKbVXXXXa5XpXXXXXXXXXX_!!898980984.jpg',0),(364,13,'/var/ftp/img03.taobaocdn.com/bao/uploaded/i2/898980984/TB2WotHbVXXXXb4XpXXXXXXXXXX_!!898980984.jpg',0),(365,13,'/var/ftp/img04.taobaocdn.com/bao/uploaded/i1/898980984/TB2utpTbVXXXXXsXXXXXXXXXXXX_!!898980984.jpg',0),(366,13,'/var/ftp/img01.taobaocdn.com/imgextra/i1/898980984/TB2thpQbVXXXXb9XXXXXXXXXXXX_!!898980984.jpg',1),(367,13,'/var/ftp/img01.taobaocdn.com/imgextra/i1/898980984/TB2CaNSbVXXXXafXXXXXXXXXXXX_!!898980984.jpg',1),(368,13,'/var/ftp/img04.taobaocdn.com/imgextra/i4/898980984/TB2zppJbVXXXXbFXpXXXXXXXXXX_!!898980984.jpg',1),(369,13,'/var/ftp/img04.taobaocdn.com/imgextra/i4/898980984/TB2lWBKbVXXXXbzXpXXXXXXXXXX_!!898980984.jpg',1),(370,13,'/var/ftp/img02.taobaocdn.com/imgextra/i2/898980984/TB2SjNRbVXXXXaCXXXXXXXXXXXX_!!898980984.jpg',1),(371,11,'/var/ftp/img05.taobaocdn.com/bao/uploaded/i3/T1ymcYFpFXXXXXXXXX_!!0-item_pic.jpg',0),(372,11,'/var/ftp/img02.taobaocdn.com/imgextra/i2/754654705/T2HmlZXF8XXXXXXXXX-754654705.jpg',1),(373,11,'/var/ftp/img04.taobaocdn.com/imgextra/i4/754654705/T2daxRXKFaXXXXXXXX-754654705.jpg',1),(374,11,'/var/ftp/img01.taobaocdn.com/imgextra/i1/754654705/T2gElTXRRXXXXXXXXX-754654705.jpg',1),(375,11,'/var/ftp/img03.taobaocdn.com/imgextra/i3/754654705/T2olxUXPhXXXXXXXXX-754654705.jpg',1),(376,11,'/var/ftp/img02.taobaocdn.com/imgextra/i2/754654705/T2ooXOXGpaXXXXXXXX-754654705.jpg',1),(377,11,'/var/ftp/img02.taobaocdn.com/imgextra/i2/754654705/T2Aa8TXUXXXXXXXXXX-754654705.jpg',1),(378,10,'/var/ftp/img04.taobaocdn.com/bao/uploaded/i4/TB1JX.aGFXXXXalaXXXXXXXXXXX_!!0-item_pic.jpg',0),(379,10,'/var/ftp/img05.taobaocdn.com/bao/uploaded/i1/789325504/TB2X8_DbpXXXXXlXpXXXXXXXXXX_!!789325504.jpg',0),(380,10,'/var/ftp/img03.taobaocdn.com/bao/uploaded/i2/789325504/TB2QdKDaXXXXXawXpXXXXXXXXXX_!!789325504.jpg',0),(381,10,'/var/ftp/img06.taobaocdn.com/bao/uploaded/i4/789325504/TB2QZ2WbVXXXXaKXXXXXXXXXXXX_!!789325504.jpg',0),(382,10,'/var/ftp/img02.taobaocdn.com/imgextra/i2/789325504/TB2mTd8bFXXXXcbXXXXXXXXXXXX_!!789325504.jpg',1),(383,10,'/var/ftp/img04.taobaocdn.com/imgextra/i4/789325504/TB2bBHNaXXXXXcbXXXXXXXXXXXX-789325504.jpg',1),(384,10,'/var/ftp/img02.taobaocdn.com/imgextra/i2/789325504/TB2BuHPaXXXXXbTXXXXXXXXXXXX-789325504.jpg',1),(385,8,'/var/ftp/img04.taobaocdn.com/bao/uploaded/i3/TB1Ow0DHpXXXXXgXFXXXXXXXXXX_!!0-item_pic.jpg',0),(386,8,'/var/ftp/img04.taobaocdn.com/bao/uploaded/i4/1065937733/TB2dnodbFXXXXbxXXXXXXXXXXXX_!!1065937733.jpg',0),(387,8,'/var/ftp/img03.taobaocdn.com/bao/uploaded/i2/TB1YoZvHXXXXXX7XpXXXXXXXXXX_!!0-item_pic.jpg',0),(388,8,'/var/ftp/img03.taobaocdn.com/bao/uploaded/i4/1065937733/TB2J9n6bVXXXXb5XpXXXXXXXXXX_!!1065937733.jpg',0),(389,8,'/var/ftp/img04.taobaocdn.com/imgextra/i4/1065937733/TB2bEUnbFXXXXaQXXXXXXXXXXXX_!!1065937733.gif',1),(390,8,'/var/ftp/img03.taobaocdn.com/imgextra/i3/1065937733/TB21yQnbFXXXXbfXXXXXXXXXXXX_!!1065937733.gif',1),(391,8,'/var/ftp/img03.taobaocdn.com/imgextra/i3/1065937733/TB2TAAfbFXXXXcjXpXXXXXXXXXX_!!1065937733.jpg',1),(392,8,'/var/ftp/img01.taobaocdn.com/imgextra/i1/1065937733/TB2_BQmbFXXXXcLXXXXXXXXXXXX_!!1065937733.gif',1),(393,8,'/var/ftp/img04.taobaocdn.com/imgextra/i4/1065937733/TB2t_EmbFXXXXcrXXXXXXXXXXXX_!!1065937733.gif',1);
/*!40000 ALTER TABLE `commodity_picture` ENABLE KEYS */;
UNLOCK TABLES;

--
-- Table structure for table `hot_search_word`
--

DROP TABLE IF EXISTS `hot_search_word`;
/*!40101 SET @saved_cs_client     = @@character_set_client */;
/*!40101 SET character_set_client = utf8 */;
CREATE TABLE `hot_search_word` (
  `id` int(11) NOT NULL AUTO_INCREMENT,
  `content` char(50) NOT NULL,
  `category_id` int(11) DEFAULT NULL,
  `search_count` int(11) DEFAULT NULL,
  `last_time` datetime DEFAULT NULL,
  PRIMARY KEY (`id`)
) ENGINE=InnoDB DEFAULT CHARSET=utf8;
/*!40101 SET character_set_client = @saved_cs_client */;

--
-- Dumping data for table `hot_search_word`
--

LOCK TABLES `hot_search_word` WRITE;
/*!40000 ALTER TABLE `hot_search_word` DISABLE KEYS */;
/*!40000 ALTER TABLE `hot_search_word` ENABLE KEYS */;
UNLOCK TABLES;

--
-- Table structure for table `price_record`
--

DROP TABLE IF EXISTS `price_record`;
/*!40101 SET @saved_cs_client     = @@character_set_client */;
/*!40101 SET character_set_client = utf8 */;
CREATE TABLE `price_record` (
  `id` bigint(20) NOT NULL AUTO_INCREMENT,
  `commodity_id` bigint(20) DEFAULT NULL,
  `record_time` datetime DEFAULT NULL,
  `price` double DEFAULT NULL,
  `grab_time` datetime NOT NULL,
  PRIMARY KEY (`id`),
  UNIQUE KEY `commodity_id` (`commodity_id`,`record_time`)
) ENGINE=InnoDB AUTO_INCREMENT=3215 DEFAULT CHARSET=utf8;
/*!40101 SET character_set_client = @saved_cs_client */;

--
-- Dumping data for table `price_record`
--

LOCK TABLES `price_record` WRITE;
/*!40000 ALTER TABLE `price_record` DISABLE KEYS */;
INSERT INTO `price_record` VALUES (1,1,'2014-08-24 00:00:00',169,'2015-01-14 10:50:17'),(2,1,'2014-09-09 00:00:00',139,'2015-01-14 10:50:17'),(3,1,'2014-09-12 00:00:00',169,'2015-01-14 10:50:17'),(4,1,'2014-11-09 00:00:00',399,'2015-01-14 10:50:17'),(5,1,'2014-11-11 00:00:00',139,'2015-01-14 10:50:17'),(6,1,'2014-11-12 00:00:00',169,'2015-01-14 10:50:17'),(7,1,'2014-11-27 00:00:00',139,'2015-01-14 10:50:17'),(8,1,'2014-12-01 00:00:00',169,'2015-01-14 10:50:17'),(9,1,'2014-12-12 00:00:00',139,'2015-01-14 10:50:17'),(10,1,'2014-12-13 00:00:00',139,'2015-01-14 10:50:17'),(11,1,'2014-12-15 00:00:00',169,'2015-01-14 10:50:17'),(12,1,'2015-01-11 00:00:00',169.02,'2015-01-14 10:50:17'),(13,2,'2014-11-28 00:00:00',680,'2015-01-14 10:50:17'),(14,2,'2015-01-11 00:00:00',680,'2015-01-14 10:50:17'),(15,2,'2015-01-12 00:00:00',680,'2015-01-14 10:50:17'),(16,1,'2015-01-12 00:00:00',169.02,'2015-01-14 10:50:17'),(17,1,'2015-01-13 00:00:00',169.02,'2015-01-14 10:50:17'),(18,2,'2015-01-13 00:00:00',680,'2015-01-14 10:50:17'),(19,2,'2015-01-14 00:00:00',680,'2015-01-14 10:50:17'),(20,1,'2015-01-14 00:00:00',169.02,'2015-01-14 10:50:17'),(2944,2,'2015-01-15 00:00:00',680,'2015-01-15 00:00:00'),(2945,1,'2015-01-15 00:00:00',139.01,'2015-01-15 00:00:00'),(2946,2,'2015-01-16 00:00:00',680,'2015-01-16 00:00:00'),(2947,1,'2015-01-16 00:00:00',139.01,'2015-01-16 00:00:00'),(2948,1,'2015-01-17 00:00:00',139.01,'2015-01-17 00:00:00'),(2949,2,'2015-01-17 00:00:00',680,'2015-01-17 00:00:00'),(2950,1,'2015-01-18 00:00:00',139.01,'2015-01-18 00:00:00'),(2951,2,'2015-01-18 00:00:00',680,'2015-01-18 00:00:00'),(2952,1,'2015-01-19 00:00:00',139.01,'2015-01-19 00:00:00'),(2953,2,'2015-01-19 00:00:00',680,'2015-01-19 00:00:00'),(2954,2,'2015-01-20 00:00:00',680,'2015-01-20 00:00:00'),(2955,1,'2015-01-20 00:00:00',139.01,'2015-01-20 00:00:00'),(2956,1,'2015-01-21 00:00:00',139.01,'2015-01-21 00:00:00'),(2957,2,'2015-01-21 00:00:00',680,'2015-01-21 00:00:00'),(2958,1,'2015-01-22 00:00:00',139.01,'2015-01-22 00:00:00'),(2959,2,'2015-01-22 00:00:00',680,'2015-01-22 00:00:00'),(2960,1,'2015-01-23 00:00:00',169.02,'2015-01-23 00:00:00'),(2961,2,'2015-01-23 00:00:00',680,'2015-01-23 00:00:00'),(2962,1,'2015-01-24 00:00:00',169.02,'2015-01-24 00:00:00'),(2963,2,'2015-01-24 00:00:00',680,'2015-01-24 00:00:00'),(2964,2,'2015-01-25 00:00:00',680,'2015-01-25 00:00:00'),(2965,2,'2015-01-27 00:00:00',680,'2015-01-27 00:00:00'),(2966,1,'2015-01-27 00:00:00',169.02,'2015-01-27 00:00:00'),(2967,2,'2015-01-28 00:00:00',680,'2015-01-28 00:00:00'),(2968,1,'2015-01-28 00:00:00',169.02,'2015-01-28 00:00:00'),(2969,1,'2015-01-29 00:00:00',169.02,'2015-01-29 00:00:00'),(2970,2,'2015-01-29 00:00:00',680,'2015-01-29 00:00:00'),(2971,1,'2015-01-30 00:00:00',169.02,'2015-01-30 00:00:00'),(2972,2,'2015-01-30 00:00:00',680,'2015-01-30 00:00:00'),(2973,1,'2015-01-31 00:00:00',169.02,'2015-01-31 00:00:00'),(2974,2,'2015-01-31 00:00:00',680,'2015-01-31 00:00:00'),(2975,1,'2015-02-01 00:00:00',169.02,'2015-02-01 00:00:00'),(2976,2,'2015-02-01 00:00:00',680,'2015-02-01 00:00:00'),(2977,1,'2015-02-02 00:00:00',169.02,'2015-02-02 00:00:00'),(2978,2,'2015-02-02 00:00:00',680,'2015-02-02 00:00:00'),(2979,1,'2015-02-03 00:00:00',169.02,'2015-02-03 00:00:00'),(2980,2,'2015-02-03 00:00:00',680,'2015-02-03 00:00:00'),(2981,1,'2015-02-04 00:00:00',169.02,'2015-02-04 00:00:00'),(2982,2,'2015-02-04 00:00:00',680,'2015-02-04 00:00:00'),(2983,1,'2015-02-05 00:00:00',169.02,'2015-02-05 00:00:00'),(2984,2,'2015-02-05 00:00:00',680,'2015-02-05 00:00:00'),(2985,1,'2015-02-06 00:00:00',169.02,'2015-02-06 00:00:00'),(2986,2,'2015-02-06 00:00:00',680,'2015-02-06 00:00:00'),(2987,1,'2015-02-07 00:00:00',169.02,'2015-02-07 00:00:00'),(2988,2,'2015-02-07 00:00:00',680,'2015-02-07 00:00:00'),(2989,1,'2015-02-08 00:00:00',169.02,'2015-02-08 00:00:00'),(2990,2,'2015-02-08 00:00:00',680,'2015-02-08 00:00:00'),(2991,1,'2015-02-09 00:00:00',169.02,'2015-02-09 00:00:00'),(2992,2,'2015-02-09 00:00:00',680,'2015-02-09 00:00:00'),(2993,1,'2015-02-10 00:00:00',169.02,'2015-02-10 00:00:00'),(2994,2,'2015-02-10 00:00:00',680,'2015-02-10 00:00:00'),(2995,1,'2015-02-11 00:00:00',169.02,'2015-02-11 00:00:00'),(2996,2,'2015-02-11 00:00:00',680,'2015-02-11 00:00:00'),(2997,1,'2015-02-12 00:00:00',169.02,'2015-02-12 00:00:00'),(2998,2,'2015-02-12 00:00:00',680,'2015-02-12 00:00:00'),(2999,1,'2015-02-13 00:00:00',169.02,'2015-02-13 00:00:00'),(3000,1,'2015-02-14 00:00:00',169.02,'2015-02-14 00:00:00'),(3001,1,'2015-02-16 00:00:00',169.02,'2015-02-16 00:00:00'),(3002,1,'2015-02-17 00:00:00',169.02,'2015-02-17 00:00:00'),(3003,1,'2015-02-18 00:00:00',169.02,'2015-02-18 00:00:00'),(3004,1,'2015-02-19 00:00:00',169.02,'2015-02-19 00:00:00'),(3005,1,'2015-02-20 00:00:00',169.02,'2015-02-20 00:00:00'),(3006,1,'2014-08-25 00:00:00',169,'2015-02-21 00:00:00'),(3007,1,'2015-02-21 00:00:00',169.02,'2015-02-21 00:00:00'),(3008,1,'2014-08-26 00:00:00',169,'2015-02-22 00:00:00'),(3009,1,'2015-02-22 00:00:00',169.02,'2015-02-22 00:00:00'),(3010,1,'2014-08-27 00:00:00',169,'2015-02-23 00:00:00'),(3011,1,'2015-02-23 00:00:00',169.02,'2015-02-23 00:00:00'),(3012,1,'2014-08-28 00:00:00',169,'2015-02-24 00:00:00'),(3013,1,'2015-02-24 00:00:00',169.02,'2015-02-24 00:00:00'),(3014,1,'2014-08-29 00:00:00',169,'2015-02-25 00:00:00'),(3015,1,'2015-02-25 00:00:00',169.02,'2015-02-25 00:00:00'),(3016,3,'2014-08-29 00:00:00',169,'2015-02-25 00:00:00'),(3017,3,'2014-09-09 00:00:00',139,'2015-02-25 00:00:00'),(3018,3,'2014-09-12 00:00:00',169,'2015-02-25 00:00:00'),(3019,3,'2014-11-09 00:00:00',399,'2015-02-25 00:00:00'),(3020,3,'2014-11-11 00:00:00',139,'2015-02-25 00:00:00'),(3021,3,'2014-11-12 00:00:00',169,'2015-02-25 00:00:00'),(3022,3,'2014-11-27 00:00:00',139,'2015-02-25 00:00:00'),(3023,3,'2014-12-01 00:00:00',169,'2015-02-25 00:00:00'),(3024,3,'2014-12-12 00:00:00',139,'2015-02-25 00:00:00'),(3025,3,'2014-12-13 00:00:00',139,'2015-02-25 00:00:00'),(3026,3,'2014-12-15 00:00:00',169,'2015-02-25 00:00:00'),(3027,3,'2015-01-15 00:00:00',139,'2015-02-25 00:00:00'),(3028,3,'2015-01-21 00:00:00',169,'2015-02-25 00:00:00'),(3029,3,'2015-02-25 00:00:00',169.02,'2015-02-25 00:00:00'),(3030,4,'2015-02-03 00:00:00',899,'2015-02-25 00:00:00'),(3031,4,'2015-02-04 00:00:00',799,'2015-02-25 00:00:00'),(3032,4,'2015-02-25 00:00:00',799,'2015-02-25 00:00:00'),(3033,5,'2014-08-29 00:00:00',735,'2015-02-25 00:00:00'),(3034,5,'2014-09-26 00:00:00',734.9,'2015-02-25 00:00:00'),(3035,5,'2014-09-28 00:00:00',735,'2015-02-25 00:00:00'),(3036,5,'2014-09-30 00:00:00',635,'2015-02-25 00:00:00'),(3037,5,'2015-02-25 00:00:00',635,'2015-02-25 00:00:00'),(3038,4,'2015-02-26 00:00:00',799,'2015-02-26 00:00:00'),(3039,3,'2014-08-30 00:00:00',169,'2015-02-26 00:00:00'),(3040,3,'2015-02-26 00:00:00',169.02,'2015-02-26 00:00:00'),(3041,5,'2014-08-30 00:00:00',735,'2015-02-26 00:00:00'),(3042,5,'2015-02-26 00:00:00',635,'2015-02-26 00:00:00'),(3043,3,'2014-08-31 00:00:00',169,'2015-02-27 00:00:00'),(3044,3,'2015-02-27 00:00:00',169.02,'2015-02-27 00:00:00'),(3045,5,'2014-08-31 00:00:00',735,'2015-02-27 00:00:00'),(3046,5,'2015-02-27 00:00:00',935,'2015-02-27 00:00:00'),(3047,4,'2015-02-27 00:00:00',799,'2015-02-27 00:00:00'),(3048,3,'2014-09-01 00:00:00',169,'2015-02-28 00:00:00'),(3049,3,'2015-02-28 00:00:00',169.02,'2015-02-28 00:00:00'),(3050,4,'2015-02-28 00:00:00',799,'2015-02-28 00:00:00'),(3051,5,'2014-09-01 00:00:00',735,'2015-02-28 00:00:00'),(3052,5,'2015-02-28 00:00:00',935,'2015-02-28 00:00:00'),(3053,3,'2014-09-04 00:00:00',169,'2015-03-03 00:00:00'),(3054,3,'2015-03-02 00:00:00',139,'2015-03-03 00:00:00'),(3055,3,'2015-03-03 00:00:00',139.01,'2015-03-03 00:00:00'),(3056,5,'2014-09-04 00:00:00',735,'2015-03-03 00:00:00'),(3057,5,'2015-03-03 00:00:00',935,'2015-03-03 00:00:00'),(3058,5,'2014-09-05 00:00:00',735,'2015-03-04 00:00:00'),(3059,5,'2015-03-04 00:00:00',935,'2015-03-04 00:00:00'),(3060,3,'2014-09-05 00:00:00',169,'2015-03-04 00:00:00'),(3061,3,'2015-03-04 00:00:00',139.01,'2015-03-04 00:00:00'),(3062,4,'2015-03-04 00:00:00',799,'2015-03-04 00:00:00'),(3063,8,'2014-09-07 00:00:00',92,'2015-03-06 00:00:00'),(3064,8,'2014-09-30 00:00:00',128,'2015-03-06 00:00:00'),(3065,8,'2014-10-07 00:00:00',92,'2015-03-06 00:00:00'),(3066,8,'2014-10-31 00:00:00',128,'2015-03-06 00:00:00'),(3067,8,'2014-11-11 00:00:00',76.8,'2015-03-06 00:00:00'),(3068,8,'2014-11-12 00:00:00',92,'2015-03-06 00:00:00'),(3069,8,'2015-01-26 00:00:00',76,'2015-03-06 00:00:00'),(3070,8,'2015-02-06 00:00:00',76.8,'2015-03-06 00:00:00'),(3071,8,'2015-02-09 00:00:00',76,'2015-03-06 00:00:00'),(3072,8,'2015-02-13 00:00:00',84,'2015-03-06 00:00:00'),(3073,8,'2015-03-06 00:00:00',76.81,'2015-03-06 00:00:00'),(3074,9,'2014-09-07 00:00:00',135.02,'2015-03-06 00:00:00'),(3075,9,'2014-09-09 00:00:00',118,'2015-03-06 00:00:00'),(3076,9,'2014-09-10 00:00:00',135,'2015-03-06 00:00:00'),(3077,9,'2015-03-06 00:00:00',135.02,'2015-03-06 00:00:00'),(3078,11,'2014-09-07 00:00:00',185.02,'2015-03-06 00:00:00'),(3079,11,'2014-10-07 00:00:00',105,'2015-03-06 00:00:00'),(3080,11,'2015-01-31 00:00:00',115,'2015-03-06 00:00:00'),(3081,11,'2015-03-05 00:00:00',105,'2015-03-06 00:00:00'),(3082,11,'2015-03-06 00:00:00',105,'2015-03-06 00:00:00'),(3083,10,'2014-09-07 00:00:00',13.9,'2015-03-06 00:00:00'),(3084,10,'2014-11-10 00:00:00',12.9,'2015-03-06 00:00:00'),(3085,10,'2014-12-03 00:00:00',13.9,'2015-03-06 00:00:00'),(3086,10,'2014-12-11 00:00:00',13.3,'2015-03-06 00:00:00'),(3087,10,'2014-12-13 00:00:00',13.9,'2015-03-06 00:00:00'),(3088,10,'2015-01-16 00:00:00',14.49,'2015-03-06 00:00:00'),(3089,10,'2015-01-29 00:00:00',14.9,'2015-03-06 00:00:00'),(3090,10,'2015-02-06 00:00:00',15.5,'2015-03-06 00:00:00'),(3091,10,'2015-03-06 00:00:00',15.5,'2015-03-06 00:00:00'),(3092,3,'2014-09-07 00:00:00',169,'2015-03-06 00:00:00'),(3093,3,'2015-03-06 00:00:00',139.01,'2015-03-06 00:00:00'),(3094,14,'2014-09-07 00:00:00',5.4,'2015-03-06 00:00:00'),(3095,14,'2014-10-31 00:00:00',6,'2015-03-06 00:00:00'),(3096,14,'2014-11-19 00:00:00',4.8,'2015-03-06 00:00:00'),(3097,14,'2014-12-11 00:00:00',6,'2015-03-06 00:00:00'),(3098,14,'2014-12-17 00:00:00',3.4,'2015-03-06 00:00:00'),(3099,14,'2014-12-21 00:00:00',3.9,'2015-03-06 00:00:00'),(3100,14,'2014-12-25 00:00:00',3.5,'2015-03-06 00:00:00'),(3101,14,'2015-01-10 00:00:00',2.99,'2015-03-06 00:00:00'),(3102,14,'2015-03-06 00:00:00',2.99,'2015-03-06 00:00:00'),(3103,12,'2014-10-19 00:00:00',69.9,'2015-03-06 00:00:00'),(3104,12,'2014-11-03 00:00:00',38.9,'2015-03-06 00:00:00'),(3105,12,'2014-11-10 00:00:00',69.9,'2015-03-06 00:00:00'),(3106,12,'2014-11-11 00:00:00',38.44,'2015-03-06 00:00:00'),(3107,12,'2014-11-16 00:00:00',39.14,'2015-03-06 00:00:00'),(3108,12,'2014-11-22 00:00:00',69.9,'2015-03-06 00:00:00'),(3109,12,'2014-11-23 00:00:00',39.84,'2015-03-06 00:00:00'),(3110,12,'2014-12-16 00:00:00',69.9,'2015-03-06 00:00:00'),(3111,12,'2014-12-17 00:00:00',39.84,'2015-03-06 00:00:00'),(3112,12,'2014-12-22 00:00:00',69.9,'2015-03-06 00:00:00'),(3113,12,'2014-12-23 00:00:00',39.84,'2015-03-06 00:00:00'),(3114,12,'2015-01-03 00:00:00',69.9,'2015-03-06 00:00:00'),(3115,12,'2015-01-04 00:00:00',39.84,'2015-03-06 00:00:00'),(3116,12,'2015-01-10 00:00:00',69.9,'2015-03-06 00:00:00'),(3117,12,'2015-01-11 00:00:00',39.84,'2015-03-06 00:00:00'),(3118,12,'2015-01-24 00:00:00',38.44,'2015-03-06 00:00:00'),(3119,12,'2015-02-02 00:00:00',69.9,'2015-03-06 00:00:00'),(3120,12,'2015-02-03 00:00:00',42.64,'2015-03-06 00:00:00'),(3121,12,'2015-02-16 00:00:00',69.9,'2015-03-06 00:00:00'),(3122,12,'2015-02-17 00:00:00',42.64,'2015-03-06 00:00:00'),(3123,12,'2015-02-25 00:00:00',69.9,'2015-03-06 00:00:00'),(3124,12,'2015-02-26 00:00:00',42.64,'2015-03-06 00:00:00'),(3125,12,'2015-03-06 00:00:00',42.64,'2015-03-06 00:00:00'),(3126,13,'2015-02-08 00:00:00',232,'2015-03-06 00:00:00'),(3127,13,'2015-02-09 00:00:00',239,'2015-03-06 00:00:00'),(3128,13,'2015-02-11 00:00:00',245,'2015-03-06 00:00:00'),(3129,13,'2015-03-06 00:00:00',245.02,'2015-03-06 00:00:00'),(3130,11,'2014-09-08 00:00:00',185.02,'2015-03-07 00:00:00'),(3131,11,'2015-03-07 00:00:00',105,'2015-03-07 00:00:00'),(3132,13,'2015-03-07 00:00:00',245.02,'2015-03-07 00:00:00'),(3133,8,'2014-09-08 00:00:00',92,'2015-03-07 00:00:00'),(3134,8,'2015-03-07 00:00:00',76.81,'2015-03-07 00:00:00'),(3135,9,'2014-09-08 00:00:00',135.02,'2015-03-07 00:00:00'),(3136,9,'2015-03-07 00:00:00',135.02,'2015-03-07 00:00:00'),(3137,12,'2015-03-07 00:00:00',42.64,'2015-03-07 00:00:00'),(3138,3,'2014-09-08 00:00:00',169,'2015-03-07 00:00:00'),(3139,3,'2015-03-07 00:00:00',139.01,'2015-03-07 00:00:00'),(3140,10,'2014-09-08 00:00:00',13.9,'2015-03-07 00:00:00'),(3141,10,'2015-03-07 00:00:00',15.5,'2015-03-07 00:00:00'),(3142,14,'2014-09-08 00:00:00',5.4,'2015-03-07 00:00:00'),(3143,14,'2015-03-07 00:00:00',2.99,'2015-03-07 00:00:00'),(3144,12,'2015-03-08 00:00:00',69.9,'2015-03-08 00:00:00'),(3145,8,'2014-09-09 00:00:00',92,'2015-03-08 00:00:00'),(3146,8,'2015-03-08 00:00:00',76.81,'2015-03-08 00:00:00'),(3147,14,'2014-09-09 00:00:00',5.4,'2015-03-08 00:00:00'),(3148,14,'2015-03-08 00:00:00',2.99,'2015-03-08 00:00:00'),(3149,11,'2014-09-09 00:00:00',185.02,'2015-03-08 00:00:00'),(3150,11,'2015-03-08 00:00:00',105,'2015-03-08 00:00:00'),(3151,13,'2015-03-08 00:00:00',245.02,'2015-03-08 00:00:00'),(3152,3,'2015-03-08 00:00:00',139.01,'2015-03-08 00:00:00'),(3153,10,'2014-09-09 00:00:00',13.9,'2015-03-08 00:00:00'),(3154,10,'2015-03-08 00:00:00',15.5,'2015-03-08 00:00:00'),(3155,9,'2015-03-08 00:00:00',135.02,'2015-03-08 00:00:00'),(3158,14,'2014-09-10 00:00:00',5.4,'2015-03-09 00:00:00'),(3160,8,'2014-09-10 00:00:00',92,'2015-03-09 00:00:00'),(3163,11,'2014-09-10 00:00:00',185.02,'2015-03-09 00:00:00'),(3165,3,'2014-09-10 00:00:00',139,'2015-03-09 00:00:00'),(3167,10,'2014-09-10 00:00:00',13.9,'2015-03-09 00:00:00'),(3169,11,'2015-03-09 00:00:00',105,'2015-03-09 00:00:00'),(3170,13,'2015-03-09 00:00:00',245.02,'2015-03-09 00:00:00'),(3171,9,'2015-03-09 00:00:00',135.02,'2015-03-09 00:00:00'),(3172,3,'2015-03-09 00:00:00',169.02,'2015-03-09 00:00:00'),(3173,10,'2015-03-09 00:00:00',15.5,'2015-03-09 00:00:00'),(3174,14,'2015-03-09 00:00:00',2.99,'2015-03-09 00:00:00'),(3175,12,'2015-03-09 00:00:00',42.64,'2015-03-09 00:00:00'),(3176,8,'2015-03-09 00:00:00',76.01,'2015-03-09 00:00:00'),(3177,9,'2014-09-11 00:00:00',135,'2015-03-10 00:00:00'),(3178,9,'2015-03-10 00:00:00',135.02,'2015-03-10 00:00:00'),(3179,10,'2014-09-11 00:00:00',13.9,'2015-03-10 00:00:00'),(3180,10,'2015-03-10 00:00:00',15.5,'2015-03-10 00:00:00'),(3181,12,'2015-03-10 00:00:00',42.64,'2015-03-10 00:00:00'),(3182,13,'2015-03-10 00:00:00',245.02,'2015-03-10 00:00:00'),(3183,3,'2014-09-11 00:00:00',139,'2015-03-10 00:00:00'),(3184,3,'2015-03-10 00:00:00',169.02,'2015-03-10 00:00:00'),(3185,8,'2014-09-11 00:00:00',92,'2015-03-10 00:00:00'),(3186,8,'2015-03-10 00:00:00',76.01,'2015-03-10 00:00:00'),(3187,11,'2014-09-11 00:00:00',185.02,'2015-03-10 00:00:00'),(3188,11,'2015-03-10 00:00:00',105,'2015-03-10 00:00:00'),(3189,14,'2014-09-11 00:00:00',5.4,'2015-03-10 00:00:00'),(3190,14,'2015-03-10 00:00:00',2.99,'2015-03-10 00:00:00'),(3191,10,'2014-09-12 00:00:00',13.9,'2015-03-11 00:00:00'),(3192,10,'2015-03-11 00:00:00',15.5,'2015-03-11 00:00:00'),(3193,11,'2014-09-12 00:00:00',185.02,'2015-03-11 00:00:00'),(3194,11,'2015-03-11 00:00:00',105,'2015-03-11 00:00:00'),(3195,14,'2014-09-12 00:00:00',5.4,'2015-03-11 00:00:00'),(3196,14,'2015-03-11 00:00:00',2.99,'2015-03-11 00:00:00'),(3197,9,'2014-09-12 00:00:00',135,'2015-03-11 00:00:00'),(3198,9,'2015-03-11 00:00:00',135.02,'2015-03-11 00:00:00'),(3199,8,'2014-09-12 00:00:00',92,'2015-03-11 00:00:00'),(3200,8,'2015-03-11 00:00:00',76.01,'2015-03-11 00:00:00'),(3201,3,'2014-09-13 00:00:00',169,'2015-03-12 00:00:00'),(3202,3,'2015-03-12 00:00:00',169.02,'2015-03-12 00:00:00'),(3203,14,'2014-09-13 00:00:00',5.4,'2015-03-12 00:00:00'),(3204,14,'2015-03-12 00:00:00',2.99,'2015-03-12 00:00:00'),(3205,8,'2014-09-13 00:00:00',92,'2015-03-12 00:00:00'),(3206,8,'2015-03-12 00:00:00',76.01,'2015-03-12 00:00:00'),(3207,11,'2014-09-13 00:00:00',185.02,'2015-03-12 00:00:00'),(3208,11,'2015-03-12 00:00:00',105,'2015-03-12 00:00:00'),(3209,13,'2015-03-12 00:00:00',245.02,'2015-03-12 00:00:00'),(3210,9,'2014-09-13 00:00:00',135,'2015-03-12 00:00:00'),(3211,9,'2015-03-12 00:00:00',135.02,'2015-03-12 00:00:00'),(3212,10,'2014-09-13 00:00:00',13.9,'2015-03-12 00:00:00'),(3213,10,'2015-03-12 00:00:00',15.5,'2015-03-12 00:00:00'),(3214,12,'2015-03-12 00:00:00',42.64,'2015-03-12 00:00:00');
/*!40000 ALTER TABLE `price_record` ENABLE KEYS */;
UNLOCK TABLES;

--
-- Table structure for table `proxy`
--

DROP TABLE IF EXISTS `proxy`;
/*!40101 SET @saved_cs_client     = @@character_set_client */;
/*!40101 SET character_set_client = utf8 */;
CREATE TABLE `proxy` (
  `id` int(11) NOT NULL AUTO_INCREMENT,
  `host` char(50) NOT NULL,
  `port` int(11) NOT NULL,
  `type` char(20) NOT NULL,
  `speed` int(11) NOT NULL,
  PRIMARY KEY (`id`),
  UNIQUE KEY `host` (`host`,`port`)
) ENGINE=InnoDB AUTO_INCREMENT=1570 DEFAULT CHARSET=utf8;
/*!40101 SET character_set_client = @saved_cs_client */;

--
-- Dumping data for table `proxy`
--

LOCK TABLES `proxy` WRITE;
/*!40000 ALTER TABLE `proxy` DISABLE KEYS */;
INSERT INTO `proxy` VALUES (9,'116.18.66.224',9999,'http',2147483647),(10,'112.21.19.83',8123,'http',2147483647),(11,'121.42.146.187',80,'http',2147483647),(12,'117.166.105.171',8123,'http',2147483647),(13,'117.162.8.15',8123,'http',2147483647),(14,'183.203.8.148',8080,'http',2147483647),(15,'222.87.129.218',843,'http',2147483647),(16,'58.242.249.56',13789,'http',2147483647),(17,'117.162.127.170',8123,'http',2147483647),(18,'119.40.57.86',808,'http',2147483647),(19,'113.9.13.222',8585,'http',2147483647),(20,'58.17.121.183',80,'http',2147483647),(21,'120.206.185.132',8123,'http',2147483647),(22,'111.166.203.67',8118,'http',2147483647),(23,'120.3.60.42',8118,'http',2147483647),(24,'114.41.173.180',9064,'http',2147483647),(25,'180.174.157.109',9999,'http',2147483647),(26,'123.119.160.255',8118,'http',2147483647),(27,'219.217.227.93',3128,'http',2147483647),(28,'218.14.32.199',8585,'http',2147483647),(29,'218.65.132.38',8081,'http',2147483647),(30,'101.109.72.5',80,'http',2147483647),(31,'121.18.18.234',9999,'http',2147483647),(32,'112.15.107.128',8123,'http',2147483647),(33,'180.153.100.242',86,'http',2147483647),(34,'120.193.146.95',82,'http',2147483647),(35,'121.56.76.42',8585,'http',2147483647),(36,'117.165.61.140',8123,'http',2147483647),(37,'124.161.94.8',80,'http',2147483647),(38,'112.45.189.146',8123,'http',2147483647),(39,'113.105.224.87',80,'http',2147483647),(40,'36.250.74.87',80,'http',2147483647),(41,'121.58.34.70',8118,'http',2147483647),(42,'117.177.243.7',80,'http',2147483647),(43,'117.166.221.91',8123,'http',2147483647),(44,'113.78.24.73',9999,'http',2147483647),(45,'183.207.229.194',8080,'http',2147483647),(46,'111.11.95.245',80,'http',2147483647),(47,'120.83.143.0',8118,'http',2147483647),(48,'110.80.69.44',8118,'http',2147483647),(49,'219.246.65.143',3128,'http',2147483647),(50,'183.160.1.137',808,'http',2147483647),(51,'200.111.102.206',3128,'http',2147483647),(52,'192.99.176.14',80,'http',2147483647),(53,'41.191.216.142',8080,'http',2147483647),(54,'189.27.151.75',8080,'http',2147483647),(55,'180.211.159.166',8080,'http',2147483647),(56,'91.191.3.240',8080,'http',2147483647),(57,'191.243.20.66',8080,'http',2147483647),(58,'127.73.235.18',80,'http',2147483647),(59,'14.20.200.173',8118,'http',2147483647),(60,'1.28.91.225',8118,'http',2147483647),(61,'1.195.239.66',8118,'http',2147483647),(62,'14.156.13.219',9999,'http',2147483647),(63,'182.247.120.26',8118,'http',2147483647),(64,'49.67.6.115',8118,'http',2147483647),(65,'14.114.246.224',8118,'http',2147483647),(66,'125.127.244.131',9527,'http',2147483647),(67,'110.152.84.227',8118,'http',2147483647),(68,'183.207.229.194',8888,'http',2147483647),(69,'117.162.113.162',8123,'http',2147483647),(70,'27.45.254.189',8118,'http',2147483647),(71,'183.216.108.235',8123,'http',2147483647),(72,'1.26.209.150',8118,'http',2147483647),(73,'183.250.179.29',80,'http',2147483647),(74,'115.226.197.23',8118,'http',2147483647),(75,'121.229.227.185',8118,'http',2147483647),(76,'183.218.63.59',8118,'http',2147483647),(77,'120.83.143.186',8118,'http',2147483647),(78,'59.52.212.96',8118,'http',2147483647),(79,'27.202.86.212',8118,'http',2147483647),(80,'219.228.230.209',8118,'http',2147483647),(81,'175.147.162.57',8118,'http',2147483647),(82,'111.206.102.130',80,'http',2147483647),(83,'101.86.9.85',9999,'http',2147483647),(84,'36.6.143.249',8118,'http',2147483647),(85,'110.82.255.131',8118,'http',2147483647),(86,'119.187.163.210',808,'http',2147483647),(87,'111.123.115.45',8118,'http',2147483647),(88,'42.231.189.105',8118,'http',2147483647),(89,'182.45.216.253',8118,'http',2147483647),(90,'111.192.253.192',9000,'http',2147483647),(91,'116.225.89.12',8118,'http',2147483647),(92,'117.171.166.22',8123,'http',2147483647),(93,'171.36.138.155',8118,'http',2147483647),(94,'113.78.16.170',3128,'http',2147483647),(95,'61.53.198.170',8585,'http',2147483647),(96,'123.11.212.217',18186,'http',2147483647),(97,'187.34.208.135',9064,'http',2147483647),(98,'92.99.179.118',8118,'http',2147483647),(99,'27.42.240.103',8118,'http',2147483647),(100,'219.142.251.102',8118,'http',2147483647),(101,'182.99.168.91',8118,'http',2147483647),(102,'42.185.216.4',80,'http',2147483647),(103,'113.16.247.211',8118,'http',2147483647),(104,'139.227.113.48',8090,'http',2147483647),(105,'110.17.136.114',8118,'http',2147483647),(106,'223.240.246.92',8118,'http',2147483647),(107,'175.102.1.58',8118,'http',2147483647),(108,'110.80.70.248',18186,'http',2147483647),(109,'112.123.20.171',8118,'http',2147483647),(110,'123.181.46.30',9999,'http',2147483647),(111,'115.49.126.207',9393,'http',2147483647),(112,'59.37.254.3',9999,'http',2147483647),(113,'123.241.2.83',9064,'http',2147483647),(114,'222.95.1.133',8118,'http',2147483647),(115,'140.240.66.28',8118,'http',2147483647),(116,'49.79.118.54',8118,'http',2147483647),(117,'117.149.243.146',8123,'http',2147483647),(118,'198.52.223.138',80,'http',2147483647),(119,'201.3.109.223',8080,'http',2147483647),(120,'92.99.23.110',8118,'http',2147483647),(148,'39.67.135.220',8585,'http',2147483647),(149,'110.180.226.234',9393,'http',2147483647),(150,'14.211.196.223',9999,'http',2147483647),(151,'115.202.167.180',8585,'http',2147483647),(152,'122.244.75.204',8118,'http',2147483647),(153,'116.228.80.186',8080,'http',2147483647),(154,'222.74.28.14',23,'http',2147483647),(155,'116.254.206.12',80,'http',2147483647),(156,'183.207.229.195',8090,'http',2147483647),(157,'112.45.179.191',8123,'http',2147483647),(158,'119.126.43.65',9999,'http',2147483647),(159,'27.208.22.233',8118,'http',2147483647),(160,'222.73.233.135',80,'http',2147483647),(161,'117.166.250.124',8123,'http',2147483647),(162,'113.78.9.102',9999,'http',2147483647),(163,'58.212.162.151',8118,'http',2147483647),(164,'218.5.74.174',80,'http',2147483647),(165,'183.203.8.147',8080,'http',2147483647),(166,'58.242.249.52',18350,'http',2147483647),(167,'14.221.115.80',9999,'http',2147483647),(168,'219.159.199.185',9999,'http',2147483647),(169,'117.40.37.34',8118,'http',2147483647),(170,'111.162.251.178',8585,'http',2147483647),(171,'117.162.116.55',8123,'http',2147483647),(172,'114.240.234.1',8118,'http',2147483647),(173,'112.102.47.185',8118,'http',2147483647),(174,'220.171.147.115',8118,'http',2147483647),(175,'117.10.89.153',8585,'http',2147483647),(176,'219.70.192.156',9064,'http',2147483647),(177,'219.242.188.246',8088,'http',2147483647),(178,'202.118.250.234',8080,'http',2147483647),(179,'186.79.48.186',8080,'http',2147483647),(180,'189.71.142.193',8080,'http',2147483647),(181,'117.165.135.243',8123,'http',2147483647),(182,'111.1.3.38',8000,'http',2147483647),(183,'117.166.206.68',8123,'http',2147483647),(184,'120.197.234.166',80,'http',2147483647),(185,'54.223.150.114',3128,'http',2147483647),(186,'112.45.189.43',8123,'http',2147483647),(187,'121.14.138.56',81,'http',2147483647),(188,'117.164.184.84',8123,'http',2147483647),(189,'60.55.43.3',3128,'http',2147483647),(190,'58.242.249.31',33948,'http',2147483647),(191,'183.223.184.89',8123,'http',2147483647),(192,'1.202.21.87',8118,'http',2147483647),(193,'120.206.133.191',8123,'http',2147483647),(194,'221.205.13.184',8118,'http',2147483647),(195,'58.242.249.14',33942,'http',2147483647),(196,'183.47.105.69',9999,'http',2147483647),(197,'110.16.250.206',8585,'http',2147483647),(198,'183.216.152.94',8123,'http',2147483647),(199,'111.161.126.100',80,'http',2147483647),(200,'14.157.144.12',9999,'http',2147483647),(201,'36.235.180.6',9064,'http',2147483647),(202,'183.203.22.102',80,'http',2147483647),(203,'183.207.228.119',84,'http',2147483647),(204,'111.164.222.10',8118,'http',2147483647),(205,'117.166.79.22',8123,'http',2147483647),(206,'117.163.133.165',8123,'http',2147483647),(207,'101.83.32.194',80,'http',2147483647),(208,'49.91.38.143',80,'http',2147483647),(209,'189.78.20.160',9064,'http',2147483647),(210,'109.175.8.38',8080,'http',2147483647),(211,'190.193.225.40',9064,'http',2147483647),(212,'117.165.48.204',8123,'http',2147483647),(213,'58.242.249.31',13933,'http',2147483647),(214,'183.211.78.122',8123,'http',2147483647),(215,'223.83.233.9',8123,'http',2147483647),(216,'110.77.194.179',80,'http',2147483647),(217,'54.223.157.212',3128,'http',2147483647),(218,'183.219.29.1',8123,'http',2147483647),(219,'120.206.186.87',8123,'http',2147483647),(220,'112.45.182.13',8123,'http',2147483647),(221,'120.83.5.164',18000,'http',2147483647),(222,'210.242.86.138',8080,'http',2147483647),(223,'59.108.48.37',8080,'http',2147483647),(224,'121.57.75.195',8585,'http',2147483647),(225,'111.3.17.190',8123,'http',2147483647),(226,'117.163.231.14',8123,'http',2147483647),(227,'111.3.73.225',8123,'http',2147483647),(228,'182.123.169.83',8585,'http',2147483647),(229,'101.85.203.196',9999,'http',2147483647),(230,'124.88.67.10',80,'http',2147483647),(231,'36.250.74.87',8103,'http',2147483647),(232,'117.165.8.52',8123,'http',2147483647),(233,'183.207.229.203',9999,'http',2147483647),(234,'159.8.36.242',3128,'http',2147483647),(235,'187.58.100.183',8080,'http',2147483647),(236,'103.245.205.66',8080,'http',2147483647),(237,'190.7.57.34',8080,'http',2147483647),(238,'181.213.218.138',8080,'http',2147483647),(239,'103.41.176.1',7808,'http',2147483647),(240,'185.72.156.19',7808,'http',2147483647),(241,'185.54.4.198',8080,'http',2147483647),(302,'110.80.49.85',8118,'http',2147483647),(303,'180.110.250.126',8118,'http',2147483647),(304,'218.26.254.164',8118,'http',2147483647),(305,'183.217.31.49',8123,'http',2147483647),(306,'222.129.202.169',8118,'http',2147483647),(307,'123.122.152.142',8118,'http',2147483647),(308,'116.28.109.166',9999,'http',2147483647),(309,'120.206.224.4',8123,'http',2147483647),(310,'112.45.184.151',8123,'http',2147483647),(311,'114.38.194.184',9064,'http',2147483647),(312,'119.254.84.90',80,'http',2147483647),(313,'117.167.227.145',8123,'http',2147483647),(314,'220.173.48.53',8118,'http',2147483647),(315,'183.140.198.60',8118,'http',2147483647),(316,'183.149.134.112',8118,'http',2147483647),(317,'123.172.162.70',8118,'http',2147483647),(318,'14.156.122.104',9000,'http',2147483647),(319,'122.232.253.66',8118,'http',2147483647),(320,'117.170.227.246',8123,'http',2147483647),(321,'223.84.238.166',8123,'http',2147483647),(322,'223.84.107.175',8123,'http',2147483647),(323,'122.96.13.80',8118,'http',2147483647),(324,'192.99.240.225',3128,'http',2147483647),(325,'177.96.220.192',8080,'http',2147483647),(326,'117.58.242.172',8080,'http',2147483647),(327,'186.38.35.22',8080,'http',2147483647),(328,'103.41.176.1',8089,'http',2147483647),(329,'185.72.156.19',8089,'http',2147483647),(330,'124.192.220.118',8118,'http',2147483647),(331,'119.54.232.255',8118,'http',2147483647),(332,'14.220.0.71',8118,'http',2147483647),(333,'110.73.67.22',8118,'http',2147483647),(334,'112.3.25.6',8123,'http',2147483647),(335,'220.136.36.133',9064,'http',2147483647),(336,'112.45.189.196',8123,'http',2147483647),(337,'223.84.252.225',8123,'http',2147483647),(338,'117.162.249.164',8123,'http',2147483647),(339,'113.105.224.95',80,'http',2147483647),(340,'117.177.242.147',80,'http',2147483647),(341,'115.49.246.76',8118,'http',2147483647),(342,'180.111.99.148',8118,'http',2147483647),(343,'111.163.79.182',8118,'http',2147483647),(344,'113.119.121.106',9999,'http',2147483647),(345,'111.115.11.243',8118,'http',2147483647),(346,'117.164.141.127',8123,'http',2147483647),(347,'101.94.217.185',8118,'http',2147483647),(348,'121.237.117.193',8118,'http',2147483647),(349,'61.91.251.4',8080,'http',2147483647),(350,'125.45.117.117',80,'http',2147483647),(351,'120.236.148.113',3128,'http',2147483647),(352,'42.227.214.38',8118,'http',2147483647),(353,'58.242.249.31',34015,'http',2147483647),(354,'58.194.88.11',8118,'http',2147483647),(355,'114.252.110.111',8118,'http',2147483647),(356,'218.8.223.82',8118,'http',2147483647),(357,'117.165.48.211',8123,'http',2147483647),(358,'120.206.151.131',8123,'http',2147483647),(359,'183.203.22.108',80,'http',2147483647),(360,'123.8.184.247',8118,'http',2147483647),(361,'192.99.3.129',3128,'http',2147483647),(362,'186.226.99.158',8080,'http',2147483647),(363,'120.149.116.196',3128,'http',2147483647),(364,'200.114.98.52',8080,'http',2147483647),(365,'130.0.25.52',8080,'http',2147483647),(366,'179.43.122.224',3128,'http',2147483647),(367,'123.121.102.233',9999,'http',2147483647),(368,'58.242.249.31',35094,'http',2147483647),(369,'117.167.70.122',8123,'http',2147483647),(370,'113.16.51.205',8118,'http',2147483647),(371,'183.57.82.72',80,'http',2147483647),(372,'125.77.190.155',8585,'http',2147483647),(373,'117.163.173.239',8123,'http',2147483647),(374,'114.221.52.64',8088,'http',2147483647),(375,'119.126.44.174',9000,'http',2147483647),(376,'219.156.157.186',80,'http',2147483647),(377,'117.177.242.145',80,'http',2147483647),(378,'61.62.45.152',8088,'http',2147483647),(379,'116.231.32.101',80,'http',2147483647),(380,'222.94.211.97',8118,'http',2147483647),(381,'218.203.13.178',80,'http',2147483647),(382,'120.87.85.45',8080,'http',2147483647),(383,'112.85.137.146',18186,'http',2147483647),(384,'36.231.204.78',9064,'http',2147483647),(385,'117.163.114.198',8123,'http',2147483647),(386,'117.164.185.187',8123,'http',2147483647),(387,'112.15.36.252',8123,'http',2147483647),(388,'42.159.153.181',1080,'http',2147483647),(389,'117.169.201.16',8123,'http',2147483647),(390,'124.88.67.13',80,'http',2147483647),(391,'120.206.205.199',8123,'http',2147483647),(392,'36.250.74.88',8103,'http',2147483647),(393,'41.205.10.56',8080,'http',2147483647),(394,'186.67.116.138',8080,'http',2147483647),(395,'93.125.121.120',3128,'http',2147483647),(396,'177.55.254.194',8080,'http',2147483647),(397,'91.193.201.27',8080,'http',2147483647),(398,'119.148.23.235',8080,'http',2147483647),(399,'188.127.101.252',8080,'http',2147483647),(400,'134.19.208.89',8118,'http',2147483647),(401,'223.252.33.217',14826,'http',2147483647),(402,'181.166.79.5',3129,'http',2147483647),(403,'79.106.108.178',8080,'http',2147483647),(404,'185.33.153.137',80,'http',2147483647),(405,'179.158.224.199',3128,'http',2147483647),(406,'223.83.26.177',8123,'http',2147483647),(407,'180.96.66.13',80,'http',2147483647),(408,'117.177.243.4',80,'http',2147483647),(409,'101.44.3.50',1080,'http',2147483647),(410,'202.119.25.70',9999,'http',2147483647),(411,'111.161.126.101',80,'http',2147483647),(412,'117.164.185.111',8123,'http',2147483647),(413,'61.19.51.54',8080,'http',2147483647),(414,'117.163.128.252',8123,'http',2147483647),(415,'61.62.202.51',8088,'http',2147483647),(416,'114.248.10.110',8118,'http',2147483647),(417,'117.167.42.106',8123,'http',2147483647),(418,'123.71.247.176',8123,'http',2147483647),(419,'123.119.99.160',3128,'http',2147483647),(420,'183.22.212.98',1080,'http',2147483647),(421,'101.71.27.120',80,'http',2147483647),(422,'117.169.228.201',8123,'http',2147483647),(423,'186.67.116.142',8080,'http',2147483647),(424,'203.76.103.162',8080,'http',2147483647),(425,'186.138.66.241',8080,'http',2147483647),(426,'120.206.134.205',8123,'http',2147483647),(427,'111.3.72.83',8123,'http',2147483647),(428,'117.178.179.219',8123,'http',2147483647),(429,'117.171.159.160',8123,'http',2147483647),(430,'117.164.196.39',8123,'http',2147483647),(431,'120.96.99.23',3128,'http',2147483647),(432,'180.153.100.242',85,'http',2147483647),(433,'201.12.21.230',8080,'http',2147483647),(434,'110.175.94.70',8080,'http',2147483647),(435,'186.137.154.125',3128,'http',2147483647),(436,'95.107.161.198',3128,'http',2147483647),(437,'91.75.84.224',3128,'http',2147483647),(438,'185.34.16.119',8080,'http',2147483647),(439,'181.211.12.58',8080,'http',2147483647),(440,'117.162.234.174',8123,'http',2147483647),(441,'117.177.243.3',80,'http',2147483647),(442,'58.242.249.52',18888,'http',2147483647),(443,'183.207.229.194',8090,'http',2147483647),(444,'59.33.24.34',8585,'http',2147483647),(445,'221.130.199.223',80,'http',2147483647),(446,'121.42.138.65',3128,'http',2147483647),(447,'117.165.154.110',8123,'http',2147483647),(448,'117.162.52.14',8123,'http',2147483647),(449,'122.244.21.158',8118,'http',2147483647),(450,'114.42.113.71',9064,'http',2147483647),(451,'114.252.101.21',8118,'http',2147483647),(452,'218.9.141.23',8585,'http',2147483647),(453,'183.148.167.115',8585,'http',2147483647),(454,'123.114.55.24',8118,'http',2147483647),(455,'117.23.102.31',8585,'http',2147483647),(456,'113.102.253.52',9999,'http',2147483647),(457,'117.162.85.183',8123,'http',2147483647),(458,'117.162.126.193',8123,'http',2147483647),(459,'110.168.255.111',9064,'http',2147483647),(460,'200.163.99.125',8080,'http',2147483647),(461,'180.211.191.198',3128,'http',2147483647),(462,'91.72.220.218',80,'http',2147483647),(463,'127.73.236.18',80,'http',2147483647),(464,'117.171.188.255',8123,'http',2147483647),(465,'58.242.249.62',23684,'http',2147483647),(466,'117.162.135.9',8123,'http',2147483647),(467,'121.237.96.165',8118,'http',2147483647),(468,'27.226.47.88',8585,'http',2147483647),(469,'121.31.160.241',80,'http',2147483647),(470,'218.203.13.171',80,'http',2147483647),(471,'218.14.21.195',8585,'http',2147483647),(472,'120.206.79.15',8123,'http',2147483647),(473,'219.68.45.69',9064,'http',2147483647),(474,'119.90.127.3',80,'http',2147483647),(475,'117.167.215.174',8123,'http',2147483647),(476,'221.220.59.144',8118,'http',2147483647),(477,'115.52.68.98',8585,'http',2147483647),(478,'112.45.178.234',8123,'http',2147483647),(479,'117.163.23.190',8123,'http',2147483647),(480,'14.218.164.103',9999,'http',2147483647),(481,'183.207.228.117',84,'http',2147483647),(482,'192.99.116.89',80,'http',2147483647),(483,'177.55.254.57',8080,'http',2147483647),(484,'193.22.238.69',8080,'http',2147483647),(485,'117.164.37.120',8123,'http',2147483647),(486,'119.60.51.205',8080,'http',2147483647),(487,'183.207.229.18',80,'http',2147483647),(488,'171.116.62.62',8118,'http',2147483647),(489,'117.177.182.171',8123,'http',2147483647),(490,'49.94.153.11',80,'http',2147483647),(491,'183.217.28.130',8123,'http',2147483647),(492,'114.81.222.21',80,'http',2147483647),(493,'121.31.160.241',9999,'http',2147483647),(494,'117.166.23.148',8123,'http',2147483647),(495,'120.206.222.191',8123,'http',2147483647),(496,'1.34.205.245',3128,'http',2147483647),(497,'121.206.191.246',18186,'http',2147483647),(498,'183.234.0.59',1080,'http',2147483647),(499,'117.13.17.136',8118,'http',2147483647),(500,'123.119.84.36',8118,'http',2147483647),(501,'42.97.70.123',80,'http',2147483647),(502,'27.44.166.169',9999,'http',2147483647),(503,'112.45.189.235',8123,'http',2147483647),(504,'192.99.246.101',3128,'http',2147483647),(505,'177.184.134.235',8080,'http',2147483647),(506,'117.162.82.28',8123,'http',2147483647),(507,'183.207.228.23',82,'http',2147483647),(508,'49.91.20.31',80,'http',2147483647),(509,'183.217.37.74',8123,'http',2147483647),(510,'183.203.22.90',80,'http',2147483647),(511,'221.130.199.222',80,'http',2147483647),(512,'60.219.215.165',8118,'http',2147483647),(513,'59.52.236.55',8118,'http',2147483647),(514,'115.63.27.136',8118,'http',2147483647),(515,'210.202.58.20',9064,'http',2147483647),(516,'219.68.228.143',9064,'http',2147483647),(517,'120.193.146.95',83,'http',2147483647),(518,'117.163.164.5',8123,'http',2147483647),(519,'183.207.229.11',82,'http',2147483647),(520,'42.97.5.37',80,'http',2147483647),(521,'218.204.77.132',8123,'http',2147483647),(522,'59.57.211.31',8118,'http',2147483647),(523,'101.89.148.200',80,'http',2147483647),(524,'117.14.244.14',8118,'http',2147483647),(525,'123.119.164.226',8001,'http',2147483647),(526,'118.77.15.69',8118,'http',2147483647),(527,'121.13.216.165',18186,'http',2147483647),(528,'177.5.79.168',8080,'http',2147483647),(529,'117.149.252.16',8123,'http',2147483647),(530,'183.216.180.203',8123,'http',2147483647),(531,'123.119.164.226',8118,'http',2147483647),(532,'183.219.6.225',8123,'http',2147483647),(533,'115.229.186.136',8118,'http',2147483647),(534,'117.166.106.146',8123,'http',2147483647),(535,'183.219.87.32',8123,'http',2147483647),(536,'124.88.67.40',81,'http',2147483647),(537,'117.178.195.25',8123,'http',2147483647),(538,'180.213.58.186',8118,'http',2147483647),(539,'180.110.251.69',8118,'http',2147483647),(540,'183.217.61.173',8123,'http',2147483647),(541,'180.183.255.252',3128,'http',2147483647),(542,'120.113.161.200',9064,'http',2147483647),(543,'124.205.26.52',8888,'http',2147483647),(544,'112.93.165.225',8080,'http',2147483647),(545,'120.206.178.10',8123,'http',2147483647),(546,'186.35.24.14',9064,'http',2147483647),(547,'159.8.15.67',3128,'http',2147483647),(548,'189.89.159.122',43061,'http',2147483647),(549,'190.216.36.62',3128,'http',2147483647),(550,'103.255.121.202',8080,'http',2147483647),(551,'181.39.14.146',8080,'http',2147483647),(552,'113.14.118.132',8118,'http',2147483647),(553,'183.160.51.123',8118,'http',2147483647),(554,'58.53.81.101',8118,'http',2147483647),(555,'113.12.213.19',8118,'http',2147483647),(556,'61.152.171.144',808,'http',2147483647),(557,'110.87.81.179',8118,'http',2147483647),(558,'117.178.178.145',8123,'http',2147483647),(559,'114.240.196.124',8090,'http',2147483647),(560,'58.243.233.127',8118,'http',2147483647),(561,'117.170.229.121',8123,'http',2147483647),(562,'113.14.42.160',8118,'http',2147483647),(563,'183.165.174.36',8118,'http',2147483647),(564,'123.114.105.167',8118,'http',2147483647),(565,'123.240.178.38',9064,'http',2147483647),(566,'124.117.185.212',8118,'http',2147483647),(567,'112.113.161.18',8118,'http',2147483647),(568,'114.232.50.236',8118,'http',2147483647),(569,'59.39.208.69',1080,'http',2147483647),(570,'183.149.128.107',8118,'http',2147483647),(571,'183.151.13.43',8118,'http',2147483647),(572,'114.222.173.134',8118,'http',2147483647),(573,'223.82.9.158',8123,'http',2147483647),(574,'60.189.65.45',8118,'http',2147483647),(575,'112.233.59.100',8118,'http',2147483647),(576,'49.94.27.231',80,'http',2147483647),(577,'59.52.211.121',8118,'http',2147483647),(578,'60.165.26.24',8118,'http',2147483647),(579,'198.52.255.225',80,'http',2147483647),(580,'201.29.233.27',8080,'http',2147483647),(581,'87.120.56.7',8080,'http',2147483647),(582,'201.235.128.208',9064,'http',2147483647),(583,'103.254.208.53',3128,'http',2147483647),(584,'185.73.170.29',8080,'http',2147483647),(585,'191.103.30.221',8080,'http',2147483647),(586,'111.193.182.132',8118,'http',2147483647),(587,'183.219.87.114',8123,'http',2147483647),(588,'113.12.213.246',8118,'http',2147483647),(589,'110.80.74.47',8118,'http',2147483647),(590,'27.37.155.79',8118,'http',2147483647),(591,'125.35.114.35',8118,'http',2147483647),(592,'124.113.15.110',8585,'http',2147483647),(593,'112.228.146.55',8118,'http',2147483647),(594,'116.252.63.54',8118,'http',2147483647),(595,'218.13.159.99',8118,'http',2147483647),(596,'113.194.2.78',8118,'http',2147483647),(597,'60.166.164.111',8118,'http',2147483647),(598,'110.182.236.77',8118,'http',2147483647),(599,'117.86.101.110',8118,'http',2147483647),(600,'116.231.114.75',8118,'http',2147483647),(601,'140.112.230.243',9064,'http',2147483647),(602,'183.207.229.139',88,'http',2147483647),(603,'111.75.27.107',8118,'http',2147483647),(604,'117.162.37.147',8123,'http',2147483647),(605,'221.181.73.45',80,'http',2147483647),(606,'183.148.96.255',8118,'http',2147483647),(607,'121.225.33.4',8118,'http',2147483647),(608,'115.150.231.135',8118,'http',2147483647),(609,'117.30.182.20',8118,'http',2147483647),(610,'190.217.165.140',9064,'http',2147483647),(611,'201.80.238.62',9064,'http',2147483647),(612,'119.148.12.130',8080,'http',2147483647),(613,'78.104.176.244',9064,'http',2147483647),(614,'185.41.154.92',9064,'http',2147483647),(615,'101.227.252.130',8081,'http',2147483647),(616,'49.113.111.217',8090,'http',2147483647),(617,'118.181.25.228',8118,'http',2147483647),(618,'182.44.150.15',9000,'http',2147483647),(619,'120.70.60.58',9527,'http',2147483647),(620,'123.132.241.137',16211,'http',2147483647),(621,'120.3.56.201',9527,'http',2147483647),(622,'58.247.68.81',8090,'http',2147483647),(623,'222.82.178.168',8090,'http',2147483647),(624,'113.78.27.236',9000,'http',2147483647),(625,'116.209.19.188',9527,'http',2147483647),(626,'118.78.227.167',9527,'http',2147483647),(627,'218.11.67.206',9393,'http',2147483647),(628,'115.58.207.129',9797,'http',2147483647),(629,'182.240.33.131',8585,'http',2147483647),(630,'60.173.169.172',8118,'http',2147483647),(631,'27.44.161.193',9999,'http',2147483647),(632,'114.105.175.214',8118,'http',2147483647),(633,'119.120.58.37',8118,'http',2147483647),(634,'222.170.108.54',9000,'http',2147483647),(635,'112.111.107.220',9000,'http',2147483647),(636,'122.241.95.103',8118,'http',2147483647),(637,'120.70.8.251',9527,'http',2147483647),(638,'117.168.237.161',8123,'http',2147483647),(639,'106.59.98.252',8090,'http',2147483647),(640,'183.32.106.126',8888,'http',2147483647),(641,'14.213.148.52',9000,'http',2147483647),(642,'58.22.216.255',9000,'http',2147483647),(643,'60.161.172.172',9527,'http',2147483647),(644,'123.4.204.171',8090,'http',2147483647),(645,'117.42.10.181',9527,'http',2147483647),(646,'117.171.119.115',8123,'http',2147483647),(647,'117.178.113.51',8123,'http',2147483647),(648,'119.126.44.190',9000,'http',2147483647),(649,'124.130.36.180',9797,'http',2147483647),(650,'222.219.84.218',9393,'http',2147483647),(651,'181.43.65.65',8080,'http',2147483647),(652,'217.162.100.210',21320,'http',2147483647),(653,'71.7.234.197',21320,'http',2147483647),(654,'217.21.43.237',3128,'http',2147483647),(655,'189.49.83.8',8080,'http',2147483647),(656,'180.234.103.80',8080,'http',2147483647),(657,'190.178.72.225',8080,'http',2147483647),(658,'95.107.161.114',8080,'http',2147483647),(659,'92.96.230.188',8118,'http',2147483647),(660,'103.254.208.18',3128,'http',2147483647),(661,'190.112.24.144',8080,'http',2147483647),(662,'58.22.217.77',9000,'http',2147483647),(663,'1.63.224.225',9527,'http',2147483647),(664,'183.151.161.57',8118,'http',2147483647),(665,'113.129.106.31',80,'http',2147483647),(666,'117.164.218.148',8123,'http',2147483647),(667,'140.240.126.131',9527,'http',2147483647),(668,'118.73.186.251',80,'http',2147483647),(669,'116.210.20.131',8118,'http',2147483647),(670,'101.89.66.101',80,'http',2147483647),(671,'182.205.43.205',80,'http',2147483647),(672,'119.187.172.221',8585,'http',2147483647),(673,'59.54.218.252',9527,'http',2147483647),(674,'119.101.23.230',8118,'http',2147483647),(675,'116.231.29.236',80,'http',2147483647),(676,'123.56.105.247',8081,'http',2147483647),(677,'113.80.64.150',9797,'http',2147483647),(678,'49.113.48.250',8118,'http',2147483647),(679,'119.120.84.220',9797,'http',2147483647),(680,'183.166.193.53',9797,'http',2147483647),(681,'113.113.89.64',3128,'http',2147483647),(682,'110.152.64.30',8090,'http',2147483647),(683,'14.115.63.153',8118,'http',2147483647),(684,'183.44.20.156',8118,'http',2147483647),(685,'175.44.135.105',9000,'http',2147483647),(686,'112.251.68.246',9393,'http',2147483647),(687,'183.216.137.159',8123,'http',2147483647),(688,'115.226.157.209',8090,'http',2147483647),(689,'117.178.77.137',8123,'http',2147483647),(690,'106.59.98.179',8090,'http',2147483647),(691,'41.205.9.248',8080,'http',2147483647),(692,'179.56.211.18',9064,'http',2147483647),(693,'198.50.214.27',3128,'http',2147483647),(694,'177.16.228.88',8080,'http',2147483647),(695,'59.152.102.18',8080,'http',2147483647),(696,'200.42.69.94',8080,'http',2147483647),(697,'103.242.79.29',8080,'http',2147483647),(698,'150.107.10.37',8080,'http',2147483647),(699,'179.21.56.11',8080,'http',2147483647),(700,'124.88.79.178',8118,'http',2147483647),(701,'113.17.12.235',8118,'http',2147483647),(702,'123.129.74.132',18186,'http',2147483647),(703,'124.119.154.31',8118,'http',2147483647),(704,'222.142.132.208',8080,'http',2147483647),(705,'183.151.14.219',8118,'http',2147483647),(706,'115.29.139.177',65432,'http',2147483647),(707,'175.44.135.0',9000,'http',2147483647),(708,'175.146.171.118',8118,'http',2147483647),(709,'210.51.2.203',8089,'http',2147483647),(710,'14.24.11.96',3128,'http',2147483647),(711,'27.42.186.48',9999,'http',2147483647),(712,'140.240.68.130',8118,'http',2147483647),(713,'1.181.2.164',3128,'http',2147483647),(714,'117.168.235.145',8123,'http',2147483647),(715,'117.171.186.156',8123,'http',2147483647),(716,'117.178.193.19',8123,'http',2147483647),(717,'14.214.241.97',8088,'http',2147483647),(718,'116.231.116.45',8090,'http',2147483647),(719,'49.113.197.43',8118,'http',2147483647),(720,'113.129.105.6',80,'http',2147483647),(721,'14.25.177.122',3128,'http',2147483647),(722,'179.56.38.52',9064,'http',2147483647),(723,'189.5.178.64',9064,'http',2147483647),(724,'200.82.38.100',9064,'http',2147483647),(725,'92.96.227.150',8118,'http',2147483647),(726,'191.182.27.237',3128,'http',2147483647),(727,'183.218.52.212',8123,'http',2147483647),(728,'114.221.7.124',8118,'http',2147483647),(729,'27.202.90.125',9393,'http',2147483647),(730,'182.241.88.68',8118,'http',2147483647),(731,'101.86.179.10',8118,'http',2147483647),(732,'58.212.241.219',8118,'http',2147483647),(733,'123.129.93.67',8118,'http',2147483647),(734,'121.19.45.175',8585,'http',2147483647),(735,'140.249.10.167',8585,'http',2147483647),(736,'114.95.36.4',8118,'http',2147483647),(737,'117.166.94.74',8123,'http',2147483647),(738,'121.62.71.170',8118,'http',2147483647),(739,'122.159.170.215',8585,'http',2147483647),(740,'121.31.162.75',80,'http',2147483647),(741,'120.86.101.200',18186,'http',2147483647),(742,'183.31.135.158',8118,'http',2147483647),(743,'114.250.125.4',8118,'http',2147483647),(744,'222.140.152.200',8118,'http',2147483647),(745,'222.129.41.94',8118,'http',2147483647),(746,'192.99.170.182',8080,'http',2147483647),(747,'177.133.203.5',8080,'http',2147483647),(748,'181.114.227.226',8080,'http',2147483647),(749,'94.59.86.252',8118,'http',2147483647),(750,'139.227.151.199',8090,'http',2147483647),(751,'115.230.31.96',9999,'http',2147483647),(752,'110.242.122.175',9393,'http',2147483647),(753,'119.187.169.194',9393,'http',2147483647),(754,'110.189.242.164',9000,'http',2147483647),(755,'60.221.41.135',18186,'http',2147483647),(756,'1.60.155.78',9000,'http',2147483647),(757,'114.85.115.76',9999,'http',2147483647),(758,'60.23.99.224',8118,'http',2147483647),(759,'113.2.210.24',8118,'http',2147483647),(760,'58.253.86.232',9393,'http',2147483647),(761,'106.123.15.23',8118,'http',2147483647),(762,'14.20.223.35',8118,'http',2147483647),(763,'182.114.125.32',9393,'http',2147483647),(764,'182.244.230.22',8118,'http',2147483647),(765,'60.14.141.227',9393,'http',2147483647),(766,'119.128.61.159',9797,'http',2147483647),(767,'222.83.119.144',8118,'http',2147483647),(768,'183.45.151.253',8118,'http',2147483647),(769,'117.166.118.238',8123,'http',2147483647),(770,'115.54.224.11',9797,'http',2147483647),(771,'112.114.103.209',8118,'http',2147483647),(772,'27.36.118.214',8118,'http',2147483647),(773,'110.18.204.129',9393,'http',2147483647),(774,'117.167.214.80',8123,'http',2147483647),(775,'118.212.62.38',9393,'http',2147483647),(776,'175.44.135.154',9000,'http',2147483647),(777,'112.233.32.234',8118,'http',2147483647),(778,'14.223.199.54',9393,'http',2147483647),(779,'110.18.83.206',9527,'http',2147483647),(780,'27.202.126.79',9527,'http',2147483647),(781,'182.134.200.115',9527,'http',2147483647),(782,'171.121.200.52',9393,'http',2147483647),(783,'120.68.7.232',8118,'http',2147483647),(784,'181.163.165.114',8080,'http',2147483647),(785,'186.241.116.62',8080,'http',2147483647),(786,'77.78.31.3',8080,'http',2147483647),(787,'182.48.93.65',8080,'http',2147483647),(788,'200.41.195.253',8080,'http',2147483647),(789,'92.96.156.83',8118,'http',2147483647),(790,'191.33.13.194',8080,'http',2147483647),(791,'223.167.34.182',8118,'http',2147483647),(792,'42.159.102.222',3128,'http',2147483647),(793,'122.158.123.71',9393,'http',2147483647),(794,'182.244.232.183',8118,'http',2147483647),(795,'111.123.71.254',9527,'http',2147483647),(796,'114.92.251.9',18186,'http',2147483647),(797,'120.71.178.205',9393,'http',2147483647),(798,'222.130.16.231',18186,'http',2147483647),(799,'113.79.140.220',8118,'http',2147483647),(800,'113.72.62.116',9797,'http',2147483647),(801,'119.177.250.156',9527,'http',2147483647),(802,'60.173.173.31',808,'http',2147483647),(803,'116.95.74.111',9797,'http',2147483647),(804,'1.181.122.41',3128,'http',2147483647),(805,'183.23.218.14',9999,'http',2147483647),(806,'218.13.95.82',8118,'http',2147483647),(807,'221.222.116.165',9393,'http',2147483647),(808,'123.11.32.162',9527,'http',2147483647),(809,'115.48.152.248',9797,'http',2147483647),(810,'116.95.217.9',9797,'http',2147483647),(811,'117.168.212.226',8123,'http',2147483647),(812,'14.205.225.40',9527,'http',2147483647),(813,'27.42.186.10',9999,'http',2147483647),(814,'182.241.75.253',8585,'http',2147483647),(815,'183.151.13.129',8118,'http',2147483647),(816,'117.177.182.175',8123,'http',2147483647),(817,'117.45.240.151',8118,'http',2147483647),(818,'117.178.135.65',8123,'http',2147483647),(819,'120.2.121.111',8118,'http',2147483647),(820,'125.74.71.251',9527,'http',2147483647),(821,'200.49.19.252',9064,'http',2147483647),(822,'41.207.210.162',8080,'http',2147483647),(823,'173.243.32.40',8080,'http',2147483647),(824,'200.236.233.199',9064,'http',2147483647),(825,'182.48.67.186',8080,'http',2147483647),(826,'92.96.223.8',8118,'http',2147483647),(827,'117.170.19.47',8123,'http',2147483647),(828,'61.62.6.54',9064,'http',2147483647),(829,'111.75.27.159',8118,'http',2147483647),(830,'183.223.160.117',8123,'http',2147483647),(831,'58.23.45.160',8118,'http',2147483647),(832,'111.242.185.57',9064,'http',2147483647),(833,'117.88.250.35',8118,'http',2147483647),(834,'219.130.229.39',8585,'http',2147483647),(835,'42.121.119.166',3128,'http',2147483647),(836,'118.180.222.147',18186,'http',2147483647),(837,'183.148.107.186',8118,'http',2147483647),(838,'180.150.191.216',8888,'http',2147483647),(839,'49.94.25.24',80,'http',2147483647),(840,'120.70.58.158',18186,'http',2147483647),(841,'117.162.44.38',8123,'http',2147483647),(842,'219.246.90.162',3128,'http',2147483647),(843,'183.149.193.129',8118,'http',2147483647),(844,'115.28.59.209',3128,'http',2147483647),(845,'116.210.21.11',9797,'http',2147483647),(846,'120.206.139.96',8123,'http',2147483647),(847,'1.57.144.168',9797,'http',2147483647),(848,'59.37.252.196',9999,'http',2147483647),(849,'124.64.211.133',8118,'http',2147483647),(850,'219.131.172.82',9999,'http',2147483647),(851,'220.173.56.42',8118,'http',2147483647),(852,'182.241.109.243',8585,'http',2147483647),(853,'41.205.3.188',8080,'http',2147483647),(854,'186.34.253.124',8080,'http',2147483647),(855,'75.97.47.31',9064,'http',2147483647),(856,'177.184.187.204',8080,'http',2147483647),(857,'186.121.210.226',8080,'http',2147483647),(858,'95.158.139.210',3333,'http',2147483647),(859,'203.83.172.94',8080,'http',2147483647),(860,'92.60.6.210',80,'http',2147483647),(861,'190.52.32.126',80,'http',2147483647),(862,'94.206.88.131',9064,'http',2147483647),(863,'103.226.138.229',8080,'http',2147483647),(864,'185.68.154.178',8080,'http',2147483647),(865,'185.54.4.198',80,'http',2147483647),(866,'191.7.194.167',8080,'http',2147483647),(867,'101.18.165.33',8088,'http',2147483647),(868,'221.227.205.156',8088,'http',2147483647),(869,'183.218.47.222',8123,'http',2147483647),(870,'39.67.53.107',8585,'http',2147483647),(871,'112.23.104.196',8118,'http',2147483647),(872,'139.226.150.186',8090,'http',2147483647),(873,'118.181.24.191',8118,'http',2147483647),(874,'180.150.191.240',8888,'http',2147483647),(875,'115.28.171.154',3128,'http',2147483647),(876,'221.223.85.33',9000,'http',2147483647),(877,'116.252.157.151',9797,'http',2147483647),(878,'112.123.99.43',8118,'http',2147483647),(879,'117.163.113.111',8123,'http',2147483647),(880,'221.182.75.40',8123,'http',2147483647),(881,'183.219.2.17',8123,'http',2147483647),(882,'183.207.229.130',86,'http',2147483647),(883,'41.205.17.81',8080,'http',2147483647),(884,'181.226.115.44',9064,'http',2147483647),(885,'169.53.7.212',3128,'http',2147483647),(886,'96.49.103.192',12033,'http',2147483647),(887,'84.201.239.107',8081,'http',2147483647),(888,'201.46.39.131',3128,'http',2147483647),(889,'95.158.139.123',3333,'http',2147483647),(890,'31.171.75.63',8118,'http',2147483647),(891,'103.25.182.1',8081,'http',2147483647),(892,'190.16.91.245',3128,'http',2147483647),(893,'95.107.162.234',8080,'http',2147483647),(894,'180.94.91.178',8080,'http',2147483647),(895,'91.73.250.36',80,'http',2147483647),(896,'103.240.180.203',8080,'http',2147483647),(897,'39.190.69.163',8123,'http',2147483647),(898,'119.145.107.187',8080,'http',2147483647),(899,'49.94.132.249',80,'http',2147483647),(900,'117.171.249.219',8123,'http',2147483647),(901,'112.111.114.251',9000,'http',2147483647),(902,'125.126.109.108',8118,'http',2147483647),(903,'219.143.158.0',8118,'http',2147483647),(904,'120.206.74.11',8123,'http',2147483647),(905,'115.63.9.246',8118,'http',2147483647),(906,'183.219.5.198',8123,'http',2147483647),(907,'182.244.219.45',18186,'http',2147483647),(908,'182.88.243.44',8088,'http',2147483647),(909,'110.230.199.244',8088,'http',2147483647),(910,'218.85.133.123',82,'http',2147483647),(911,'183.33.29.233',9797,'http',2147483647),(912,'183.220.156.180',8123,'http',2147483647),(913,'14.211.153.156',9999,'http',2147483647),(914,'218.29.31.152',8118,'http',2147483647),(915,'116.231.113.95',8090,'http',2147483647),(916,'117.165.122.36',8123,'http',2147483647),(917,'218.13.93.39',8118,'http',2147483647),(918,'58.221.59.182',3128,'http',2147483647),(919,'41.205.15.78',8080,'http',2147483647),(920,'190.208.247.30',9064,'http',2147483647),(921,'173.243.32.40',3128,'http',2147483647),(922,'189.110.65.251',9064,'http',2147483647),(923,'77.236.166.38',3128,'http',2147483647),(924,'180.234.35.132',9064,'http',2147483647),(925,'181.164.54.30',9064,'http',2147483647),(926,'185.72.156.19',3127,'http',2147483647),(927,'185.33.32.170',3128,'http',2147483647),(928,'191.33.42.255',8080,'http',2147483647),(929,'117.170.231.236',8123,'http',2147483647),(930,'58.242.249.56',17945,'http',2147483647),(931,'183.63.116.54',9797,'http',2147483647),(932,'218.9.69.2',9797,'http',2147483647),(933,'222.73.233.136',80,'http',2147483647),(934,'122.246.208.163',8118,'http',2147483647),(935,'59.41.61.100',9797,'http',2147483647),(936,'61.158.168.237',9797,'http',2147483647),(937,'183.207.228.23',84,'http',2147483647),(938,'119.60.54.81',8080,'http',2147483647),(939,'183.245.126.7',8123,'http',2147483647),(940,'59.124.241.199',8080,'http',2147483647),(941,'14.28.146.203',9999,'http',2147483647),(942,'202.119.25.69',9999,'http',2147483647),(943,'117.178.189.65',8123,'http',2147483647),(944,'180.141.215.12',9797,'http',2147483647),(945,'218.203.13.181',80,'http',2147483647),(946,'114.252.113.191',8118,'http',2147483647),(947,'14.218.177.82',9797,'http',2147483647),(948,'183.203.22.103',80,'http',2147483647),(949,'182.109.94.163',8123,'http',2147483647),(950,'202.85.211.220',21942,'http',2147483647),(951,'110.171.120.62',3128,'http',2147483647),(952,'139.226.112.144',81,'http',2147483647),(953,'218.65.132.43',8081,'http',2147483647),(954,'117.162.225.244',8123,'http',2147483647),(955,'201.186.187.16',8080,'http',2147483647),(956,'187.16.44.33',8080,'http',2147483647),(957,'103.224.185.167',8080,'http',2147483647),(958,'191.7.194.58',8080,'http',2147483647),(959,'117.178.142.139',8123,'http',2147483647),(960,'118.175.5.238',3128,'http',2147483647),(961,'113.77.206.242',9797,'http',2147483647),(962,'120.206.149.166',8123,'http',2147483647),(963,'223.84.4.11',8123,'http',2147483647),(964,'123.113.118.22',8118,'http',2147483647),(965,'218.97.196.101',80,'http',2147483647),(966,'117.163.183.165',8123,'http',2147483647),(967,'117.163.100.87',8123,'http',2147483647),(968,'178.188.2.162',3128,'http',2147483647),(969,'117.169.150.96',8123,'http',2147483647),(970,'124.202.169.94',8118,'http',2147483647),(971,'117.166.6.190',8123,'http',2147483647),(972,'14.218.216.50',9797,'http',2147483647),(973,'114.39.109.34',9064,'http',2147483647),(974,'117.164.36.101',8123,'http',2147483647),(975,'218.203.13.189',80,'http',2147483647),(976,'189.85.20.13',8080,'http',2147483647),(977,'175.182.2.14',8088,'http',2147483647),(978,'202.118.236.130',7777,'http',2147483647),(979,'203.110.169.109',8080,'http',2147483647),(980,'113.31.18.218',80,'http',2147483647),(981,'27.202.7.247',80,'http',2147483647),(982,'218.65.132.45',8081,'http',2147483647),(983,'117.149.211.222',8118,'http',2147483647),(984,'117.166.107.246',8123,'http',2147483647),(985,'120.193.146.95',843,'http',2147483647),(986,'117.146.116.74',80,'http',2147483647),(987,'117.166.232.196',8123,'http',2147483647),(988,'117.177.243.79',80,'http',2147483647),(989,'14.218.218.247',9797,'http',2147483647),(990,'183.207.226.1',84,'http',2147483647),(991,'218.207.195.206',8000,'http',2147483647),(992,'124.88.67.13',83,'http',2147483647),(993,'58.242.249.14',13374,'http',2147483647),(994,'117.170.20.14',8123,'http',2147483647),(995,'183.211.37.165',8118,'http',2147483647),(996,'117.171.225.78',8123,'http',2147483647),(997,'112.233.103.175',8118,'http',2147483647),(998,'183.57.82.74',8081,'http',2147483647),(999,'114.141.131.246',1080,'http',2147483647),(1000,'111.199.238.165',8118,'http',2147483647),(1001,'117.167.176.245',8123,'http',2147483647),(1002,'120.206.78.44',8123,'http',2147483647),(1003,'179.57.245.210',9064,'http',2147483647),(1004,'198.52.239.217',80,'http',2147483647),(1005,'177.11.71.4',8080,'http',2147483647),(1006,'84.196.172.204',80,'http',2147483647),(1007,'118.179.215.226',8080,'http',2147483647),(1008,'31.185.120.108',9064,'http',2147483647),(1009,'203.217.8.78',3128,'http',2147483647),(1010,'190.182.234.3',9064,'http',2147483647),(1011,'178.72.133.81',3128,'http',2147483647),(1012,'195.229.192.46',8080,'http',2147483647),(1013,'103.226.174.12',8080,'http',2147483647),(1014,'127.73.236.8',80,'http',2147483647),(1015,'191.7.194.68',8080,'http',2147483647),(1016,'60.174.66.182',8118,'http',2147483647),(1017,'117.164.122.184',8123,'http',2147483647),(1018,'117.168.227.125',8123,'http',2147483647),(1019,'114.221.63.80',8088,'http',2147483647),(1020,'117.171.163.111',8123,'http',2147483647),(1021,'202.119.25.72',9999,'http',2147483647),(1022,'41.79.69.8',9090,'http',2147483647),(1023,'117.164.200.15',8123,'http',2147483647),(1024,'114.252.77.79',8118,'http',2147483647),(1025,'120.206.78.129',8123,'http',2147483647),(1026,'61.230.154.30',8088,'http',2147483647),(1027,'123.121.103.167',9999,'http',2147483647),(1028,'117.165.30.40',8123,'http',2147483647),(1029,'186.67.116.139',8080,'http',2147483647),(1030,'199.38.97.105',8080,'http',2147483647),(1031,'189.89.159.122',61455,'http',2147483647),(1032,'200.87.27.187',8080,'http',2147483647),(1033,'79.132.27.36',8080,'http',2147483647),(1034,'113.11.13.100',9064,'http',2147483647),(1035,'190.52.32.43',8080,'http',2147483647),(1036,'103.42.13.246',8080,'http',2147483647),(1037,'185.34.17.157',8080,'http',2147483647),(1038,'179.61.95.225',8080,'http',2147483647),(1039,'117.167.13.63',8123,'http',2147483647),(1040,'183.207.229.17',86,'http',2147483647),(1041,'123.155.155.53',80,'http',2147483647),(1042,'117.164.35.175',8123,'http',2147483647),(1043,'61.154.214.162',8090,'http',2147483647),(1044,'114.80.246.158',60088,'http',2147483647),(1045,'124.113.31.142',8118,'http',2147483647),(1046,'113.79.60.109',9999,'http',2147483647),(1047,'49.94.140.74',80,'http',2147483647),(1048,'117.146.116.74',81,'http',2147483647),(1049,'117.86.128.61',8118,'http',2147483647),(1050,'183.166.142.87',9797,'http',2147483647),(1051,'59.36.115.54',9797,'http',2147483647),(1052,'221.7.175.242',8123,'http',2147483647),(1053,'218.203.54.30',80,'http',2147483647),(1054,'117.171.228.255',8123,'http',2147483647),(1055,'114.104.120.176',8118,'http',2147483647),(1056,'123.205.17.91',9064,'http',2147483647),(1057,'183.216.151.25',8123,'http',2147483647),(1058,'111.198.205.176',8118,'http',2147483647),(1059,'221.205.214.103',9797,'http',2147483647),(1060,'120.206.232.191',8123,'http',2147483647),(1061,'113.72.158.171',9999,'http',2147483647),(1062,'115.201.9.240',8118,'http',2147483647),(1063,'220.176.197.227',8118,'http',2147483647),(1064,'123.121.69.69',8118,'http',2147483647),(1065,'119.49.31.71',18186,'http',2147483647),(1066,'27.42.193.166',80,'http',2147483647),(1067,'113.69.17.126',9999,'http',2147483647),(1068,'36.250.74.88',8102,'http',2147483647),(1069,'124.14.6.254',9999,'http',2147483647),(1070,'110.19.156.124',8090,'http',2147483647),(1071,'117.166.203.222',8123,'http',2147483647),(1072,'198.52.225.236',80,'http',2147483647),(1073,'177.131.111.106',8080,'http',2147483647),(1074,'186.121.252.45',3128,'http',2147483647),(1075,'41.216.159.158',8080,'http',2147483647),(1076,'180.234.220.1',8080,'http',2147483647),(1077,'190.230.39.142',8080,'http',2147483647),(1078,'103.255.238.101',1080,'http',2147483647),(1079,'221.205.212.152',9797,'http',2147483647),(1080,'180.120.41.168',8118,'http',2147483647),(1081,'183.141.68.14',3128,'http',2147483647),(1082,'113.105.222.102',60088,'http',2147483647),(1083,'117.64.136.150',8118,'http',2147483647),(1084,'123.122.156.20',8118,'http',2147483647),(1085,'118.77.114.188',8118,'http',2147483647),(1086,'14.114.245.190',9797,'http',2147483647),(1087,'183.216.123.21',8123,'http',2147483647),(1088,'220.185.102.123',3128,'http',2147483647),(1089,'121.9.184.120',9999,'http',2147483647),(1090,'36.233.180.30',9064,'http',2147483647),(1091,'61.51.143.173',8118,'http',2147483647),(1092,'124.235.34.111',8118,'http',2147483647),(1093,'117.178.174.158',8123,'http',2147483647),(1094,'120.206.174.252',8123,'http',2147483647),(1095,'60.3.44.161',18186,'http',2147483647),(1096,'117.163.119.147',8123,'http',2147483647),(1097,'101.66.108.186',18186,'http',2147483647),(1098,'111.56.13.149',80,'http',2147483647),(1099,'222.161.166.75',8118,'http',2147483647),(1100,'113.79.59.159',9797,'http',2147483647),(1101,'183.223.166.61',8123,'http',2147483647),(1102,'221.211.137.245',8118,'http',2147483647),(1103,'110.86.41.39',8118,'http',2147483647),(1104,'117.163.20.22',8123,'http',2147483647),(1105,'183.23.64.16',9999,'http',2147483647),(1106,'114.221.39.123',8118,'http',2147483647),(1107,'61.154.205.179',8090,'http',2147483647),(1108,'58.243.97.160',8118,'http',2147483647),(1109,'117.163.191.3',8123,'http',2147483647),(1110,'202.119.25.228',9999,'http',2147483647),(1111,'115.52.122.58',8118,'http',2147483647),(1112,'198.52.236.232',80,'http',2147483647),(1113,'201.50.29.104',8080,'http',2147483647),(1114,'94.156.237.66',80,'http',2147483647),(1115,'103.255.122.240',8080,'http',2147483647),(1116,'191.40.122.254',8080,'http',2147483647),(1117,'27.42.194.105',80,'http',2147483647),(1118,'118.81.67.194',9797,'http',2147483647),(1119,'58.254.132.81',8001,'http',2147483647),(1120,'114.80.182.132',80,'http',2147483647),(1121,'220.189.97.193',3128,'http',2147483647),(1122,'117.165.45.15',8123,'http',2147483647),(1123,'49.93.3.226',80,'http',2147483647),(1124,'123.151.161.230',8080,'http',2147483647),(1125,'117.171.113.101',8123,'http',2147483647),(1126,'114.39.109.65',8088,'http',2147483647),(1127,'120.39.233.168',8118,'http',2147483647),(1128,'113.79.61.172',9999,'http',2147483647),(1129,'115.28.65.74',3128,'http',2147483647),(1130,'125.24.76.251',80,'http',2147483647),(1131,'114.107.228.31',8118,'http',2147483647),(1132,'175.16.88.71',8118,'http',2147483647),(1133,'14.218.250.134',9797,'http',2147483647),(1134,'117.79.64.86',80,'http',2147483647),(1135,'124.88.67.13',81,'http',2147483647),(1136,'117.171.227.211',8123,'http',2147483647),(1137,'117.166.241.110',8123,'http',2147483647),(1138,'223.84.248.201',8123,'http',2147483647),(1139,'1.28.249.34',8118,'http',2147483647),(1140,'112.45.188.252',8123,'http',2147483647),(1141,'221.205.213.186',9797,'http',2147483647),(1142,'221.130.135.193',8123,'http',2147483647),(1143,'183.141.77.155',3128,'http',2147483647),(1144,'181.41.217.204',8080,'http',2147483647),(1145,'192.99.100.176',60088,'http',2147483647),(1146,'189.22.51.19',3128,'http',2147483647),(1147,'210.4.74.98',8080,'http',2147483647),(1148,'190.216.224.79',8080,'http',2147483647),(1149,'103.226.227.116',3128,'http',2147483647),(1150,'185.37.226.107',18055,'http',2147483647),(1151,'181.39.32.98',3128,'http',2147483647),(1152,'112.111.71.121',8118,'http',2147483647),(1153,'125.58.163.5',8118,'http',2147483647),(1154,'61.165.231.169',9999,'http',2147483647),(1155,'14.115.66.177',9797,'http',2147483647),(1156,'183.223.18.254',8123,'http',2147483647),(1157,'112.44.82.207',8123,'http',2147483647),(1158,'112.74.102.157',3128,'http',2147483647),(1159,'114.42.154.59',8088,'http',2147483647),(1160,'42.227.18.197',8118,'http',2147483647),(1161,'117.167.81.80',8123,'http',2147483647),(1162,'117.88.254.232',9999,'http',2147483647),(1163,'183.141.74.239',3128,'http',2147483647),(1164,'171.124.239.16',8118,'http',2147483647),(1165,'183.211.127.80',8123,'http',2147483647),(1166,'60.163.66.6',8118,'http',2147483647),(1167,'117.166.68.107',8123,'http',2147483647),(1168,'117.171.239.117',8123,'http',2147483647),(1169,'60.4.245.42',18186,'http',2147483647),(1170,'183.219.90.87',8123,'http',2147483647),(1171,'14.218.187.189',9797,'http',2147483647),(1172,'111.196.143.227',8118,'http',2147483647),(1173,'120.206.194.73',8123,'http',2147483647),(1174,'60.14.176.182',8118,'http',2147483647),(1175,'58.242.249.55',13374,'http',2147483647),(1176,'117.168.241.11',8123,'http',2147483647),(1177,'221.219.50.222',8118,'http',2147483647),(1178,'218.9.233.184',8118,'http',2147483647),(1179,'181.42.194.163',9064,'http',2147483647),(1180,'99.185.0.108',3128,'http',2147483647),(1181,'189.69.226.208',9064,'http',2147483647),(1182,'49.0.39.226',8080,'http',2147483647),(1183,'91.75.85.44',3128,'http',2147483647),(1184,'103.228.81.2',8080,'http',2147483647),(1185,'191.7.196.174',8080,'http',2147483647),(1186,'27.42.175.156',9999,'http',2147483647),(1187,'117.166.109.96',8123,'http',2147483647),(1188,'117.171.247.252',8123,'http',2147483647),(1189,'124.79.212.161',8888,'http',2147483647),(1190,'118.183.185.134',8118,'http',2147483647),(1191,'60.166.229.174',8118,'http',2147483647),(1192,'117.167.25.148',8123,'http',2147483647),(1193,'49.90.21.184',3128,'http',2147483647),(1194,'120.206.150.216',8123,'http',2147483647),(1195,'115.48.186.239',8118,'http',2147483647),(1196,'36.231.49.62',3128,'http',2147483647),(1197,'113.78.34.180',9797,'http',2147483647),(1198,'121.62.109.44',8118,'http',2147483647),(1199,'118.77.11.237',8118,'http',2147483647),(1200,'113.17.235.69',80,'http',2147483647),(1201,'27.36.9.33',8118,'http',2147483647),(1202,'60.189.211.185',8118,'http',2147483647),(1203,'14.218.166.187',9797,'http',2147483647),(1204,'114.250.119.225',8118,'http',2147483647),(1205,'58.21.146.156',8118,'http',2147483647),(1206,'39.67.227.165',8118,'http',2147483647),(1207,'183.223.172.18',8123,'http',2147483647),(1208,'113.71.42.205',8118,'http',2147483647),(1209,'223.83.27.31',8123,'http',2147483647),(1210,'123.113.94.161',8118,'http',2147483647),(1211,'223.84.219.152',8123,'http',2147483647),(1212,'221.205.212.226',9797,'http',2147483647),(1213,'112.195.59.245',8118,'http',2147483647),(1214,'183.194.170.255',80,'http',2147483647),(1215,'106.125.48.67',3128,'http',2147483647),(1216,'58.242.249.31',16107,'http',2147483647),(1217,'77.58.46.52',3128,'http',2147483647),(1218,'201.93.18.218',9064,'http',2147483647),(1219,'103.47.220.8',3128,'http',2147483647),(1220,'183.92.80.12',18186,'http',2147483647),(1221,'121.9.222.187',1080,'http',2147483647),(1222,'117.162.36.199',8123,'http',2147483647),(1223,'61.159.121.53',8585,'http',2147483647),(1224,'117.166.229.105',8123,'http',2147483647),(1225,'183.33.31.164',9797,'http',2147483647),(1226,'124.207.158.141',80,'http',2147483647),(1227,'115.228.51.77',3128,'http',2147483647),(1228,'110.153.234.179',8118,'http',2147483647),(1229,'120.206.136.115',8123,'http',2147483647),(1230,'120.209.129.87',9999,'http',2147483647),(1231,'117.165.35.90',8123,'http',2147483647),(1232,'123.121.128.106',8118,'http',2147483647),(1233,'125.124.178.59',8088,'http',2147483647),(1234,'183.223.170.167',8123,'http',2147483647),(1235,'115.63.8.255',8118,'http',2147483647),(1236,'125.230.103.59',9064,'http',2147483647),(1237,'117.163.232.113',8123,'http',2147483647),(1238,'124.237.227.42',8118,'http',2147483647),(1239,'112.15.111.216',8123,'http',2147483647),(1240,'119.127.225.252',9797,'http',2147483647),(1241,'117.177.242.234',80,'http',2147483647),(1242,'110.110.85.118',8118,'http',2147483647),(1243,'49.93.160.140',80,'http',2147483647),(1244,'220.160.114.249',9797,'http',2147483647),(1245,'117.168.237.30',8123,'http',2147483647),(1246,'118.183.215.86',8118,'http',2147483647),(1247,'190.121.17.166',1081,'http',2147483647),(1248,'187.45.240.110',1081,'http',2147483647),(1249,'122.144.10.81',8080,'http',2147483647),(1250,'200.61.182.172',8080,'http',2147483647),(1251,'36.250.74.88',8104,'http',2147483647),(1252,'117.10.241.119',8118,'http',2147483647),(1253,'1.26.217.126',8118,'http',2147483647),(1254,'58.246.180.74',8080,'http',2147483647),(1255,'183.211.127.160',8123,'http',2147483647),(1256,'222.142.223.79',8118,'http',2147483647),(1257,'183.33.15.41',9797,'http',2147483647),(1258,'110.78.148.8',8080,'http',2147483647),(1259,'117.164.133.86',8123,'http',2147483647),(1260,'111.194.198.204',8118,'http',2147483647),(1261,'117.165.32.5',8123,'http',2147483647),(1262,'117.164.206.184',8123,'http',2147483647),(1263,'114.196.128.148',8118,'http',2147483647),(1264,'222.130.135.19',8118,'http',2147483647),(1265,'123.165.232.116',8118,'http',2147483647),(1266,'120.206.79.231',8123,'http',2147483647),(1267,'112.45.178.210',8123,'http',2147483647),(1268,'117.166.103.109',8123,'http',2147483647),(1269,'122.121.26.16',9064,'http',2147483647),(1270,'59.39.237.4',80,'http',2147483647),(1271,'183.140.197.55',8118,'http',2147483647),(1272,'117.168.200.156',8123,'http',2147483647),(1273,'220.189.96.130',3128,'http',2147483647),(1274,'186.9.109.85',9064,'http',2147483647),(1275,'184.107.206.146',60088,'http',2147483647),(1276,'177.98.206.67',8080,'http',2147483647),(1277,'118.179.215.228',8080,'http',2147483647),(1278,'190.105.235.229',3128,'http',2147483647),(1279,'94.200.66.206',3130,'http',2147483647),(1280,'185.58.93.51',9064,'http',2147483647),(1281,'179.126.108.237',8080,'http',2147483647),(1282,'221.205.216.237',9797,'http',2147483647),(1283,'49.65.253.249',8118,'http',2147483647),(1284,'110.78.151.180',8080,'http',2147483647),(1285,'36.250.74.88',8101,'http',2147483647),(1286,'183.33.45.246',9797,'http',2147483647),(1287,'221.130.23.10',80,'http',2147483647),(1288,'218.25.253.70',3128,'http',2147483647),(1289,'117.171.149.94',8123,'http',2147483647),(1290,'220.248.41.106',110,'http',2147483647),(1291,'117.166.14.9',8123,'http',2147483647),(1292,'61.183.35.101',80,'http',2147483647),(1293,'112.44.32.152',8123,'http',2147483647),(1294,'223.86.137.202',8123,'http',2147483647),(1295,'117.171.240.248',8123,'http',2147483647),(1296,'117.163.22.91',8123,'http',2147483647),(1297,'218.241.17.128',80,'http',2147483647),(1298,'115.228.49.135',3128,'http',2147483647),(1299,'120.206.139.89',8123,'http',2147483647),(1300,'138.0.253.18',8080,'http',2147483647),(1301,'58.242.249.56',29832,'http',2147483647),(1302,'183.23.231.10',9999,'http',2147483647),(1303,'120.24.160.28',80,'http',2147483647),(1304,'125.123.83.90',3128,'http',2147483647),(1305,'210.200.13.232',80,'http',2147483647),(1306,'183.219.3.221',8123,'http',2147483647),(1307,'1.28.248.143',8118,'http',2147483647),(1308,'41.205.16.189',8080,'http',2147483647),(1309,'190.54.105.94',8080,'http',2147483647),(1310,'99.224.129.107',3128,'http',2147483647),(1311,'189.82.26.203',8080,'http',2147483647),(1312,'213.196.99.50',80,'http',2147483647),(1313,'181.110.248.53',8080,'http',2147483647),(1314,'191.103.35.206',8080,'http',2147483647),(1315,'117.166.16.28',8123,'http',2147483647),(1316,'120.206.175.180',8123,'http',2147483647),(1317,'39.188.81.24',8123,'http',2147483647),(1318,'123.204.172.36',80,'http',2147483647),(1319,'115.228.58.246',3128,'http',2147483647),(1320,'118.81.178.210',9797,'http',2147483647),(1321,'117.163.99.156',8123,'http',2147483647),(1322,'122.157.54.242',1080,'http',2147483647),(1323,'117.177.243.79',82,'http',2147483647),(1324,'125.123.86.225',3128,'http',2147483647),(1325,'114.221.222.55',8118,'http',2147483647),(1326,'117.168.218.182',8123,'http',2147483647),(1327,'112.20.137.253',8123,'http',2147483647),(1328,'180.183.155.150',8080,'http',2147483647),(1329,'124.88.67.33',80,'http',2147483647),(1330,'117.176.105.136',8123,'http',2147483647),(1331,'183.218.55.210',8123,'http',2147483647),(1332,'183.217.47.238',8123,'http',2147483647),(1333,'183.219.81.244',8123,'http',2147483647),(1334,'111.193.67.159',9000,'http',2147483647),(1335,'223.85.80.72',8123,'http',2147483647),(1336,'198.52.233.239',80,'http',2147483647),(1337,'189.31.155.254',8080,'http',2147483647),(1338,'59.152.101.170',8080,'http',2147483647),(1339,'180.189.155.194',3128,'http',2147483647),(1340,'183.222.102.167',8123,'http',2147483647),(1341,'59.37.255.247',9999,'http',2147483647),(1342,'183.211.44.18',8123,'http',2147483647),(1343,'183.136.135.153',8080,'http',2147483647),(1344,'117.164.33.51',8123,'http',2147483647),(1345,'119.233.142.222',80,'http',2147483647),(1346,'117.174.193.199',8123,'http',2147483647),(1347,'117.168.197.15',8123,'http',2147483647),(1348,'117.163.32.120',8123,'http',2147483647),(1349,'120.198.243.115',8000,'http',2147483647),(1350,'124.202.169.102',8118,'http',2147483647),(1351,'183.33.14.43',9797,'http',2147483647),(1352,'120.206.138.88',8123,'http',2147483647),(1353,'183.203.22.76',80,'http',2147483647),(1354,'117.166.217.166',8123,'http',2147483647),(1355,'118.144.96.253',80,'http',2147483647),(1356,'171.97.171.98',80,'http',2147483647),(1357,'117.166.40.230',8123,'http',2147483647),(1358,'183.223.174.176',8123,'http',2147483647),(1359,'117.162.232.188',8123,'http',2147483647),(1360,'61.230.14.211',80,'http',2147483647),(1361,'111.9.134.58',8123,'http',2147483647),(1362,'112.44.7.210',8123,'http',2147483647),(1363,'113.79.252.176',9000,'http',2147483647),(1364,'183.207.228.50',86,'http',2147483647),(1365,'117.175.109.35',8123,'http',2147483647),(1366,'174.6.79.50',3128,'http',2147483647),(1367,'187.9.55.130',80,'http',2147483647),(1368,'116.20.224.94',9999,'http',2147483647),(1369,'117.166.235.215',8123,'http',2147483647),(1370,'122.136.46.151',3128,'http',2147483647),(1371,'123.126.110.105',80,'http',2147483647),(1372,'183.89.90.182',3128,'http',2147483647),(1373,'180.142.129.132',9999,'http',2147483647),(1374,'14.18.234.131',82,'http',2147483647),(1375,'114.246.136.36',8118,'http',2147483647),(1376,'112.44.36.16',8123,'http',2147483647),(1377,'183.223.16.203',8123,'http',2147483647),(1378,'183.219.50.30',8123,'http',2147483647),(1379,'117.171.119.110',8123,'http',2147483647),(1380,'123.57.208.93',3128,'http',2147483647),(1381,'223.82.15.14',8123,'http',2147483647),(1382,'117.174.216.224',8123,'http',2147483647),(1383,'117.178.47.172',8123,'http',2147483647),(1384,'117.171.248.55',8123,'http',2147483647),(1385,'183.220.198.47',8123,'http',2147483647),(1386,'123.134.47.157',80,'http',2147483647),(1387,'189.27.157.247',8080,'http',2147483647),(1388,'116.28.121.139',9797,'http',2147483647),(1389,'183.48.151.71',8118,'http',2147483647),(1390,'58.195.37.185',8118,'http',2147483647),(1391,'117.168.224.219',8123,'http',2147483647),(1392,'1.28.249.193',8118,'http',2147483647),(1393,'60.166.188.186',8118,'http',2147483647),(1394,'183.33.13.157',9797,'http',2147483647),(1395,'122.96.91.93',8118,'http',2147483647),(1396,'113.0.196.5',8118,'http',2147483647),(1397,'120.83.141.97',8118,'http',2147483647),(1398,'180.121.126.164',9797,'http',2147483647),(1399,'111.241.93.220',3128,'http',2147483647),(1400,'117.178.32.211',8123,'http',2147483647),(1401,'222.94.235.239',8118,'http',2147483647),(1402,'117.171.145.64',8123,'http',2147483647),(1403,'218.91.222.166',8118,'http',2147483647),(1404,'61.152.102.40',80,'http',2147483647),(1405,'60.165.24.200',8118,'http',2147483647),(1406,'123.157.176.173',8118,'http',2147483647),(1407,'110.157.43.131',18186,'http',2147483647),(1408,'117.171.251.140',8123,'http',2147483647),(1409,'121.58.74.228',8118,'http',2147483647),(1410,'115.155.105.59',8118,'http',2147483647),(1411,'60.188.87.44',18186,'http',2147483647),(1412,'113.78.157.40',9999,'http',2147483647),(1413,'114.252.119.56',8118,'http',2147483647),(1414,'223.84.238.223',8123,'http',2147483647),(1415,'124.88.67.84',80,'http',2147483647),(1416,'111.76.45.109',8118,'http',2147483647),(1417,'182.247.121.181',8118,'http',2147483647),(1418,'110.84.3.140',8118,'http',2147483647),(1419,'119.128.33.83',9797,'http',2147483647),(1420,'120.26.39.21',80,'http',2147483647),(1421,'124.113.163.178',8118,'http',2147483647),(1422,'186.105.190.77',3128,'http',2147483647),(1423,'198.52.241.229',3128,'http',2147483647),(1424,'187.59.204.79',8080,'http',2147483647),(1425,'123.136.30.66',8080,'http',2147483647),(1426,'190.112.74.89',8080,'http',2147483647),(1427,'117.167.129.183',8123,'http',2147483647),(1428,'221.226.47.34',80,'http',2147483647),(1429,'183.186.156.116',8118,'http',2147483647),(1430,'117.166.154.161',8123,'http',2147483647),(1431,'180.161.185.65',8118,'http',2147483647),(1432,'42.230.235.42',8118,'http',2147483647),(1433,'218.0.137.23',8118,'http',2147483647),(1434,'175.30.147.108',8118,'http',2147483647),(1435,'124.88.67.24',80,'http',2147483647),(1436,'117.40.45.217',8118,'http',2147483647),(1437,'221.130.199.80',80,'http',2147483647),(1438,'112.93.81.210',8118,'http',2147483647),(1439,'123.129.101.193',9000,'http',2147483647),(1440,'202.108.50.75',81,'http',2147483647),(1441,'117.165.9.202',8123,'http',2147483647),(1442,'183.151.15.27',8118,'http',2147483647),(1443,'113.16.228.31',8118,'http',2147483647),(1444,'113.105.195.51',8118,'http',2147483647),(1445,'59.57.156.111',8118,'http',2147483647),(1446,'113.78.157.133',9999,'http',2147483647),(1447,'220.181.28.175',80,'http',2147483647),(1448,'202.38.95.75',80,'http',2147483647),(1449,'125.92.140.57',8118,'http',2147483647),(1450,'222.139.212.125',808,'http',2147483647),(1451,'14.218.187.7',9797,'http',2147483647),(1452,'183.222.64.51',8123,'http',2147483647),(1453,'123.110.14.221',8088,'http',2147483647),(1454,'183.45.183.185',9797,'http',2147483647),(1455,'183.207.229.137',8880,'http',2147483647),(1456,'117.171.173.81',8123,'http',2147483647),(1457,'117.86.53.119',8118,'http',2147483647),(1458,'183.219.3.74',8123,'http',2147483647),(1459,'115.201.78.120',8118,'http',2147483647),(1460,'164.77.154.74',3128,'http',2147483647),(1461,'198.52.231.248',80,'http',2147483647),(1462,'200.155.50.136',3128,'http',2147483647),(1463,'203.112.195.20',8080,'http',2147483647),(1464,'190.182.128.147',8000,'http',2147483647),(1465,'91.75.190.6',3128,'http',2147483647),(1466,'103.255.121.195',8080,'http',2147483647),(1467,'185.37.226.184',10000,'http',2147483647),(1468,'191.191.82.250',3128,'http',2147483647),(1469,'114.34.42.94',8080,'http',2147483647),(1470,'124.165.175.144',8118,'http',2147483647),(1471,'117.178.251.208',8123,'http',2147483647),(1472,'119.101.152.24',8118,'http',2147483647),(1473,'117.171.148.146',8123,'http',2147483647),(1474,'113.12.214.163',8118,'http',2147483647),(1475,'220.185.160.67',8118,'http',2147483647),(1476,'116.225.76.147',8118,'http',2147483647),(1477,'60.4.37.183',8118,'http',2147483647),(1478,'122.141.98.163',8118,'http',2147483647),(1479,'120.205.13.196',80,'http',2147483647),(1480,'171.36.70.202',8118,'http',2147483647),(1481,'125.79.159.101',8118,'http',2147483647),(1482,'183.219.83.98',8123,'http',2147483647),(1483,'114.244.220.63',8118,'http',2147483647),(1484,'124.88.67.33',82,'http',2147483647),(1485,'121.204.242.127',8118,'http',2147483647),(1486,'218.13.155.99',8118,'http',2147483647),(1487,'114.105.95.121',8118,'http',2147483647),(1488,'61.142.41.130',3128,'http',2147483647),(1489,'221.223.88.68',9000,'http',2147483647),(1490,'118.73.209.119',8118,'http',2147483647),(1491,'114.221.223.207',8118,'http',2147483647),(1492,'183.216.121.124',8123,'http',2147483647),(1493,'183.44.19.219',8118,'http',2147483647),(1494,'60.169.238.139',8118,'http',2147483647),(1495,'117.163.176.28',8123,'http',2147483647),(1496,'110.182.238.187',18186,'http',2147483647),(1497,'112.20.131.195',8123,'http',2147483647),(1498,'120.206.133.231',8123,'http',2147483647),(1499,'41.77.81.81',8080,'http',2147483647),(1500,'186.105.199.29',3128,'http',2147483647),(1501,'86.57.175.8',3128,'http',2147483647),(1502,'187.104.165.187',3128,'http',2147483647),(1503,'213.91.213.195',8080,'http',2147483647),(1504,'103.254.126.14',8080,'http',2147483647),(1505,'127.1.0.1',80,'http',2147483647),(1506,'185.36.63.70',8080,'http',2147483647),(1507,'191.185.238.74',8080,'http',2147483647),(1508,'183.223.173.155',8123,'http',2147483647),(1509,'117.14.84.184',8118,'http',2147483647),(1510,'117.163.234.146',8123,'http',2147483647),(1511,'183.207.228.6',8113,'http',2147483647),(1512,'180.183.106.172',3128,'http',2147483647),(1513,'58.255.83.160',8080,'http',2147483647),(1514,'112.23.110.180',8123,'http',2147483647),(1515,'112.44.4.110',8123,'http',2147483647),(1516,'202.100.169.230',80,'http',2147483647),(1517,'117.166.163.111',8123,'http',2147483647),(1518,'183.219.83.177',8123,'http',2147483647),(1519,'183.216.151.244',8123,'http',2147483647),(1520,'39.190.130.165',8123,'http',2147483647),(1521,'183.33.18.140',9797,'http',2147483647),(1522,'120.206.108.219',8123,'http',2147483647),(1523,'58.242.249.52',35010,'http',2147483647),(1524,'124.14.6.93',9999,'http',2147483647),(1525,'114.248.215.57',8118,'http',2147483647),(1526,'123.10.8.36',8118,'http',2147483647),(1527,'117.166.20.245',8123,'http',2147483647),(1528,'115.46.103.208',80,'http',2147483647),(1529,'61.231.193.74',3128,'http',2147483647),(1530,'124.78.16.246',9797,'http',2147483647),(1531,'114.244.74.139',9999,'http',2147483647),(1532,'181.163.176.188',8080,'http',2147483647),(1533,'192.99.152.208',3128,'http',2147483647),(1534,'191.235.149.78',3128,'http',2147483647),(1535,'85.201.159.240',3128,'http',2147483647),(1536,'180.234.222.90',8080,'http',2147483647),(1537,'103.231.162.25',3128,'http',2147483647),(1538,'127.141.8.1',80,'http',2147483647),(1539,'150.107.137.133',8080,'http',2147483647),(1540,'191.101.10.54',8080,'http',2147483647),(1541,'117.163.110.41',8123,'http',2147483647),(1542,'114.231.17.186',8118,'http',2147483647),(1543,'222.73.233.131',80,'http',2147483647),(1544,'183.211.112.12',8123,'http',2147483647),(1545,'183.141.68.7',3128,'http',2147483647),(1546,'117.171.202.79',8123,'http',2147483647),(1547,'115.63.42.67',8118,'http',2147483647),(1548,'1.164.37.216',3128,'http',2147483647),(1549,'14.218.82.35',9797,'http',2147483647),(1550,'110.154.136.103',8118,'http',2147483647),(1551,'120.206.229.100',8123,'http',2147483647),(1552,'60.188.77.28',18186,'http',2147483647),(1553,'223.82.14.127',8123,'http',2147483647),(1554,'171.37.139.139',3128,'http',2147483647),(1555,'183.218.51.143',8123,'http',2147483647),(1556,'123.115.135.77',8118,'http',2147483647),(1557,'183.227.216.228',8123,'http',2147483647),(1558,'183.223.175.210',8123,'http',2147483647),(1559,'180.183.126.78',3128,'http',2147483647),(1560,'180.160.72.157',8123,'http',2147483647),(1561,'223.83.140.244',8123,'http',2147483647),(1562,'117.62.254.147',8118,'http',2147483647),(1563,'117.173.102.189',8123,'http',2147483647),(1564,'186.105.150.221',3128,'http',2147483647),(1565,'198.52.231.212',80,'http',2147483647),(1566,'191.235.165.117',3128,'http',2147483647),(1567,'91.73.250.123',80,'http',2147483647),(1568,'185.58.82.61',80,'http',2147483647),(1569,'179.125.120.190',8081,'http',14096);
/*!40000 ALTER TABLE `proxy` ENABLE KEYS */;
UNLOCK TABLES;

--
-- Table structure for table `shoppe`
--

DROP TABLE IF EXISTS `shoppe`;
/*!40101 SET @saved_cs_client     = @@character_set_client */;
/*!40101 SET character_set_client = utf8 */;
CREATE TABLE `shoppe` (
  `id` int(11) NOT NULL AUTO_INCREMENT,
  `name` char(50) DEFAULT NULL,
  `url` char(200) DEFAULT NULL,
  `branch_id` int(11) DEFAULT NULL,
  PRIMARY KEY (`id`)
) ENGINE=InnoDB AUTO_INCREMENT=12 DEFAULT CHARSET=utf8;
/*!40101 SET character_set_client = @saved_cs_client */;

--
-- Dumping data for table `shoppe`
--

LOCK TABLES `shoppe` WRITE;
/*!40000 ALTER TABLE `shoppe` DISABLE KEYS */;
INSERT INTO `shoppe` VALUES (6,'天猫旗舰店','http://xiaomi.tmall.com/',2),(7,'天猫旗舰店','http://huawei.tmall.com/',3),(8,'天猫','http://bobomy.tmall.com',4),(9,'天猫旗舰店','http://marcjanie.tmall.com/',1),(10,'京东旗舰店','http://mkzntz.jd.com/',1),(11,'当当旗舰店','http://shop.dangdang.com/10006',1);
/*!40000 ALTER TABLE `shoppe` ENABLE KEYS */;
UNLOCK TABLES;

--
-- Table structure for table `user`
--

DROP TABLE IF EXISTS `user`;
/*!40101 SET @saved_cs_client     = @@character_set_client */;
/*!40101 SET character_set_client = utf8 */;
CREATE TABLE `user` (
  `id` int(11) NOT NULL AUTO_INCREMENT,
  `username` char(50) NOT NULL,
  `password` char(50) NOT NULL,
  `role` char(100) DEFAULT NULL,
  PRIMARY KEY (`id`)
) ENGINE=InnoDB AUTO_INCREMENT=3 DEFAULT CHARSET=utf8;
/*!40101 SET character_set_client = @saved_cs_client */;

--
-- Dumping data for table `user`
--

LOCK TABLES `user` WRITE;
/*!40000 ALTER TABLE `user` DISABLE KEYS */;
INSERT INTO `user` VALUES (1,'admin','admin','ROLE_SUPPER_ADMIN,ROLE_ADMIN'),(2,'manager','manager','ROLE_ADMIN');
/*!40000 ALTER TABLE `user` ENABLE KEYS */;
UNLOCK TABLES;

--
-- Table structure for table `user_log`
--

DROP TABLE IF EXISTS `user_log`;
/*!40101 SET @saved_cs_client     = @@character_set_client */;
/*!40101 SET character_set_client = utf8 */;
CREATE TABLE `user_log` (
  `id` int(11) NOT NULL AUTO_INCREMENT,
  `user_id` int(11) NOT NULL,
  `action` char(200) NOT NULL,
  `log_time` datetime NOT NULL,
  PRIMARY KEY (`id`)
) ENGINE=InnoDB AUTO_INCREMENT=2 DEFAULT CHARSET=utf8;
/*!40101 SET character_set_client = @saved_cs_client */;

--
-- Dumping data for table `user_log`
--

LOCK TABLES `user_log` WRITE;
/*!40000 ALTER TABLE `user_log` DISABLE KEYS */;
INSERT INTO `user_log` VALUES (1,1,'更新品牌\'马克珍妮\'','2015-03-09 00:00:00');
/*!40000 ALTER TABLE `user_log` ENABLE KEYS */;
UNLOCK TABLES;
/*!40103 SET TIME_ZONE=@OLD_TIME_ZONE */;

/*!40101 SET SQL_MODE=@OLD_SQL_MODE */;
/*!40014 SET FOREIGN_KEY_CHECKS=@OLD_FOREIGN_KEY_CHECKS */;
/*!40014 SET UNIQUE_CHECKS=@OLD_UNIQUE_CHECKS */;
/*!40101 SET CHARACTER_SET_CLIENT=@OLD_CHARACTER_SET_CLIENT */;
/*!40101 SET CHARACTER_SET_RESULTS=@OLD_CHARACTER_SET_RESULTS */;
/*!40101 SET COLLATION_CONNECTION=@OLD_COLLATION_CONNECTION */;
/*!40111 SET SQL_NOTES=@OLD_SQL_NOTES */;

-- Dump completed on 2015-03-12 23:28:32
